id,kikuyu_text,literal_translation,cultural_meaning,themes,domain_relevance,usage_context,complexity_level,frequency_rating,source_type,region_variants,validation_status,morphological_analysis,usage_notes,phonetic_transcription,metaphorical_structure
pdf_prov_5cb3b3a1,"My greatest thanks go to Fr. Joseph G. Healey, for the financial and moral support.","[NEEDS EXPERT TRANSLATION: My greatest thanks go to Fr. Joseph G. Healey, for the financial and moral support.]",[NEEDS CULTURAL ANALYSIS: Proverb related to general_wisdom. Expert interpretation required for cultural meaning.],general_wisdom,General cultural proverb - low domain relevance,extracted_from_pdf,complex,unknown,pdf_extraction,unknown,extracted,"My greatest thanks go to Fr. Joseph G. Healey, for the financial and moral support.","Extracted from page 2, confidence: 0.61",,
pdf_prov_5df4c7ef,"The Gikuyu are one of the Bantu tribes of Kenya, in East Africa. They speak in the Gikuyu","[NEEDS EXPERT TRANSLATION: The Gikuyu are one of the Bantu tribes of Kenya, in East Africa. They speak in the Gikuyu]",[NEEDS CULTURAL ANALYSIS: Proverb related to general_wisdom. Expert interpretation required for cultural meaning.],general_wisdom,General cultural proverb - low domain relevance,extracted_from_pdf,complex,unknown,pdf_extraction,unknown,extracted,"The Gikuyu are one of the Bantu tribes of Kenya, in East Africa. They speak in the Gikuyu","Extracted from page 4, confidence: 0.61",,
pdf_prov_4abb12c8,dialect. They live in the central highlands of central Kenya a land bounded by mountain ranges.,[NEEDS EXPERT TRANSLATION: dialect. They live in the central highlands of central Kenya a land bounded by mountain ranges.],[NEEDS CULTURAL ANALYSIS: Proverb related to general_wisdom. Expert interpretation required for cultural meaning.],general_wisdom,General cultural proverb - low domain relevance,extracted_from_pdf,complex,unknown,pdf_extraction,unknown,extracted,dialect. They live in the central highlands of central Kenya a land bounded by mountain ranges.,"Extracted from page 4, confidence: 0.61",,
pdf_prov_813d1a70,"several continuous waves of migration and remigration, they came to be in 1800 AD. They had a","[NEEDS EXPERT TRANSLATION: several continuous waves of migration and remigration, they came to be in 1800 AD. They had a]",[NEEDS CULTURAL ANALYSIS: Proverb related to general_wisdom. Expert interpretation required for cultural meaning.],general_wisdom,General cultural proverb - low domain relevance,extracted_from_pdf,complex,unknown,pdf_extraction,unknown,extracted,"several continuous waves of migration and remigration, they came to be in 1800 AD. They had a","Extracted from page 4, confidence: 0.61",,
pdf_prov_a4a1da43,"daughters got married they fetched bride’s wealth, which increased family/community wealth in","[NEEDS EXPERT TRANSLATION: daughters got married they fetched bride’s wealth, which increased family/community wealth in]",[NEEDS CULTURAL ANALYSIS: Proverb related to general_wisdom. Expert interpretation required for cultural meaning.],general_wisdom,General cultural proverb - low domain relevance,extracted_from_pdf,complex,unknown,pdf_extraction,unknown,extracted,"daughters got married they fetched bride’s wealth, which increased family/community wealth in","Extracted from page 4, confidence: 0.41",,
pdf_prov_ddf66df8,"The elders cautioned about acquisition, maintenance and sharing of wealth in the families and","[NEEDS EXPERT TRANSLATION: The elders cautioned about acquisition, maintenance and sharing of wealth in the families and]",[NEEDS CULTURAL ANALYSIS: Proverb related to general_wisdom. Expert interpretation required for cultural meaning.],general_wisdom,General cultural proverb - low domain relevance,extracted_from_pdf,complex,unknown,pdf_extraction,unknown,extracted,"The elders cautioned about acquisition, maintenance and sharing of wealth in the families and","Extracted from page 4, confidence: 0.67",,
pdf_prov_6631af0d,The use of proverbs today is limited because of lack of spontaneity in situational application and,[NEEDS EXPERT TRANSLATION: The use of proverbs today is limited because of lack of spontaneity in situational application and],[NEEDS CULTURAL ANALYSIS: Proverb related to general_wisdom. Expert interpretation required for cultural meaning.],general_wisdom,General cultural proverb - low domain relevance,extracted_from_pdf,complex,unknown,pdf_extraction,unknown,extracted,The use of proverbs today is limited because of lack of spontaneity in situational application and,"Extracted from page 4, confidence: 0.72",,
pdf_prov_a8e27476,"use of them. The elderly people use them naturally in conversation, but not the new generation.","[NEEDS EXPERT TRANSLATION: use of them. The elderly people use them naturally in conversation, but not the new generation.]",[NEEDS CULTURAL ANALYSIS: Proverb related to general_wisdom. Expert interpretation required for cultural meaning.],general_wisdom,General cultural proverb - low domain relevance,extracted_from_pdf,complex,unknown,pdf_extraction,unknown,extracted,"use of them. The elderly people use them naturally in conversation, but not the new generation.","Extracted from page 4, confidence: 0.42",,
pdf_prov_4f9c1ecf,"and can therefore, be considered universal in Africa.","[NEEDS EXPERT TRANSLATION: and can therefore, be considered universal in Africa.]",[NEEDS CULTURAL ANALYSIS: Proverb related to general_wisdom. Expert interpretation required for cultural meaning.],general_wisdom,General cultural proverb - low domain relevance,extracted_from_pdf,moderate,unknown,pdf_extraction,unknown,extracted,"and can therefore, be considered universal in Africa.","Extracted from page 4, confidence: 0.56",,
pdf_prov_88aedc1f,TABLE OF CONTENTS,[NEEDS EXPERT TRANSLATION: TABLE OF CONTENTS],[NEEDS CULTURAL ANALYSIS: Proverb related to general_wisdom. Expert interpretation required for cultural meaning.],general_wisdom,General cultural proverb - low domain relevance,extracted_from_pdf,simple,unknown,pdf_extraction,unknown,extracted,TABLE OF CONTENTS,"Extracted from page 7, confidence: 0.41",,
pdf_prov_5d207fe7,"1. Aikaragia mbia ta njuu ngigi. (GJW A 5, Ba 4) M","[NEEDS EXPERT TRANSLATION: 1. Aikaragia mbia ta njuu ngigi. (GJW A 5, Ba 4) M]",[NEEDS CULTURAL ANALYSIS: Proverb related to general_wisdom. Expert interpretation required for cultural meaning.],general_wisdom,General cultural proverb - low domain relevance,extracted_from_pdf,complex,unknown,pdf_extraction,unknown,extracted,"1. Aikaragia mbia ta njuu ngigi. (GJW A 5, Ba 4) M","Extracted from page 7, confidence: 0.67",,
pdf_prov_10a058a3,"2. Andu ni indo. (GJW A 19, KW vol.1 pg 311) W","[NEEDS EXPERT TRANSLATION: 2. Andu ni indo. (GJW A 19, KW vol.1 pg 311) W]",[NEEDS CULTURAL ANALYSIS: Proverb related to general_wisdom. Expert interpretation required for cultural meaning.],general_wisdom,General cultural proverb - low domain relevance,extracted_from_pdf,complex,unknown,pdf_extraction,unknown,extracted,"2. Andu ni indo. (GJW A 19, KW vol.1 pg 311) W","Extracted from page 7, confidence: 0.61",,
pdf_prov_858e5681,English: In an unstable country one cannot become wealthy,[NEEDS EXPERT TRANSLATION: English: In an unstable country one cannot become wealthy],[NEEDS CULTURAL ANALYSIS: Proverb related to general_wisdom. Expert interpretation required for cultural meaning.],general_wisdom,General cultural proverb - low domain relevance,extracted_from_pdf,complex,unknown,pdf_extraction,unknown,extracted,English: In an unstable country one cannot become wealthy,"Extracted from page 7, confidence: 0.67",,
pdf_prov_7ea6f2b4,"5. Cia kionje itigayagwo kiri muoyo/gitanakua. (GJW C 8 , Ba 18, N24) W","[NEEDS EXPERT TRANSLATION: 5. Cia kionje itigayagwo kiri muoyo/gitanakua. (GJW C 8 , Ba 18, N24) W]",[NEEDS CULTURAL ANALYSIS: Proverb related to general_wisdom. Expert interpretation required for cultural meaning.],general_wisdom,General cultural proverb - low domain relevance,extracted_from_pdf,complex,unknown,pdf_extraction,unknown,extracted,"5. Cia kionje itigayagwo kiri muoyo/gitanakua. (GJW C 8 , Ba 18, N24) W","Extracted from page 7, confidence: 0.72",,
pdf_prov_b932c058,"English: To get money, you have to spend money.","[NEEDS EXPERT TRANSLATION: English: To get money, you have to spend money.]",[NEEDS CULTURAL ANALYSIS: Proverb related to general_wisdom. Expert interpretation required for cultural meaning.],general_wisdom,General cultural proverb - low domain relevance,extracted_from_pdf,complex,unknown,pdf_extraction,unknown,extracted,"English: To get money, you have to spend money.","Extracted from page 7, confidence: 0.56",,
pdf_prov_3aa49d75,English: The rich man cannot be prevented from cultivating the “iganjo”he wants.,[NEEDS EXPERT TRANSLATION: English: The rich man cannot be prevented from cultivating the “iganjo”he wants.],[NEEDS CULTURAL ANALYSIS: Proverb related to general_wisdom. Expert interpretation required for cultural meaning.],general_wisdom,General cultural proverb - low domain relevance,extracted_from_pdf,complex,unknown,pdf_extraction,unknown,extracted,English: The rich man cannot be prevented from cultivating the “iganjo”he wants.,"Extracted from page 7, confidence: 0.42",,
pdf_prov_9794f9a9,"13. Gukiaga na gutonga ititiganaga. GJW G 59, Ba 73) WM","[NEEDS EXPERT TRANSLATION: 13. Gukiaga na gutonga ititiganaga. GJW G 59, Ba 73) WM]",[NEEDS CULTURAL ANALYSIS: Proverb related to wealth_management. Expert interpretation required for cultural meaning.],wealth_management,High relevance to wealth/entrepreneurship (score: 0.40),extracted_from_pdf,complex,unknown,pdf_extraction,unknown,extracted,"13. Gukiaga na gutonga ititiganaga. GJW G 59, Ba 73) WM","Extracted from page 7, confidence: 0.67",,
pdf_prov_9bc361e7,"English: There is nothing that is of worth, that is obtained from the comfort corner.","[NEEDS EXPERT TRANSLATION: English: There is nothing that is of worth, that is obtained from the comfort corner.]",[NEEDS CULTURAL ANALYSIS: Proverb related to general_wisdom. Expert interpretation required for cultural meaning.],general_wisdom,General cultural proverb - low domain relevance,extracted_from_pdf,complex,unknown,pdf_extraction,unknown,extracted,"English: There is nothing that is of worth, that is obtained from the comfort corner.","Extracted from page 7, confidence: 0.67",,
pdf_prov_72232d37,"15. Gutiri mburi itangiracio, tiga inawathe. (GJW 121, Ba 333)","[NEEDS EXPERT TRANSLATION: 15. Gutiri mburi itangiracio, tiga inawathe. (GJW 121, Ba 333)]",[NEEDS CULTURAL ANALYSIS: Proverb related to general_wisdom. Expert interpretation required for cultural meaning.],general_wisdom,General cultural proverb - low domain relevance,extracted_from_pdf,complex,unknown,pdf_extraction,unknown,extracted,"15. Gutiri mburi itangiracio, tiga inawathe. (GJW 121, Ba 333)","Extracted from page 7, confidence: 0.78",,
pdf_prov_bcf555db,"English: Any goat can serve as brideswealth, unless it has a defect.","[NEEDS EXPERT TRANSLATION: English: Any goat can serve as brideswealth, unless it has a defect.]",[NEEDS CULTURAL ANALYSIS: Proverb related to general_wisdom. Expert interpretation required for cultural meaning.],general_wisdom,General cultural proverb - low domain relevance,extracted_from_pdf,complex,unknown,pdf_extraction,unknown,extracted,"English: Any goat can serve as brideswealth, unless it has a defect.","Extracted from page 7, confidence: 0.56",,
pdf_prov_856aa4ac,17. Gutiri uthuire tiga akiaga. (Ba 131) W,[NEEDS EXPERT TRANSLATION: 17. Gutiri uthuire tiga akiaga. (Ba 131) W],[NEEDS CULTURAL ANALYSIS: Proverb related to general_wisdom. Expert interpretation required for cultural meaning.],general_wisdom,General cultural proverb - low domain relevance,extracted_from_pdf,moderate,unknown,pdf_extraction,unknown,extracted,17. Gutiri uthuire tiga akiaga. (Ba 131) W,"Extracted from page 7, confidence: 0.61",,
pdf_prov_b54500a1,18. Guthiina ti kuriita (GJW G 80) W,[NEEDS EXPERT TRANSLATION: 18. Guthiina ti kuriita (GJW G 80) W],[NEEDS CULTURAL ANALYSIS: Proverb related to general_wisdom. Expert interpretation required for cultural meaning.],general_wisdom,General cultural proverb - low domain relevance,extracted_from_pdf,moderate,unknown,pdf_extraction,unknown,extracted,18. Guthiina ti kuriita (GJW G 80) W,"Extracted from page 7, confidence: 0.67",,
pdf_prov_d184d354,"20. Gutiri mbura itari gitonga kiayo. (GJW G 99, Ba 102, KW vol.1 pg 313) MW","[NEEDS EXPERT TRANSLATION: 20. Gutiri mbura itari gitonga kiayo. (GJW G 99, Ba 102, KW vol.1 pg 313) MW]",[NEEDS CULTURAL ANALYSIS: Proverb related to general_wisdom. Expert interpretation required for cultural meaning.],general_wisdom,General cultural proverb - low domain relevance,extracted_from_pdf,complex,unknown,pdf_extraction,unknown,extracted,"20. Gutiri mbura itari gitonga kiayo. (GJW G 99, Ba 102, KW vol.1 pg 313) MW","Extracted from page 8, confidence: 0.61",,
pdf_prov_c09a0de2,21. Gutiri ngia itari muthenya wayo. (GJW G 117) WM,[NEEDS EXPERT TRANSLATION: 21. Gutiri ngia itari muthenya wayo. (GJW G 117) WM],[NEEDS CULTURAL ANALYSIS: Proverb related to general_wisdom. Expert interpretation required for cultural meaning.],general_wisdom,General cultural proverb - low domain relevance,extracted_from_pdf,complex,unknown,pdf_extraction,unknown,extracted,21. Gutiri ngia itari muthenya wayo. (GJW G 117) WM,"Extracted from page 8, confidence: 0.67",,
pdf_prov_affb15f8,"English: Nobody grumbles at being rich, only at being poor","[NEEDS EXPERT TRANSLATION: English: Nobody grumbles at being rich, only at being poor]",[NEEDS CULTURAL ANALYSIS: Proverb related to general_wisdom. Expert interpretation required for cultural meaning.],general_wisdom,General cultural proverb - low domain relevance,extracted_from_pdf,complex,unknown,pdf_extraction,unknown,extracted,"English: Nobody grumbles at being rich, only at being poor","Extracted from page 8, confidence: 0.61",,
pdf_prov_499e88e7,23. Gwa gitonga gucokagirirwo ni mambura. (KW vol.1 pg 314) W,[NEEDS EXPERT TRANSLATION: 23. Gwa gitonga gucokagirirwo ni mambura. (KW vol.1 pg 314) W],[NEEDS CULTURAL ANALYSIS: Proverb related to general_wisdom. Expert interpretation required for cultural meaning.],general_wisdom,General cultural proverb - low domain relevance,extracted_from_pdf,complex,unknown,pdf_extraction,unknown,extracted,23. Gwa gitonga gucokagirirwo ni mambura. (KW vol.1 pg 314) W,"Extracted from page 8, confidence: 0.42",,
pdf_prov_8b15ab71,26. Indo ciene inoragia mundu itina rimwe. W,[NEEDS EXPERT TRANSLATION: 26. Indo ciene inoragia mundu itina rimwe. W],[NEEDS CULTURAL ANALYSIS: Proverb related to general_wisdom. Expert interpretation required for cultural meaning.],general_wisdom,General cultural proverb - low domain relevance,extracted_from_pdf,moderate,unknown,pdf_extraction,unknown,extracted,26. Indo ciene inoragia mundu itina rimwe. W,"Extracted from page 8, confidence: 0.42",,
pdf_prov_f4575967,"34. Kigina gitiinikagwo irio hande itari nguru. (GJW K 77, N 218, Ba 264) MW","[NEEDS EXPERT TRANSLATION: 34. Kigina gitiinikagwo irio hande itari nguru. (GJW K 77, N 218, Ba 264) MW]",[NEEDS CULTURAL ANALYSIS: Proverb related to general_wisdom. Expert interpretation required for cultural meaning.],general_wisdom,General cultural proverb - low domain relevance,extracted_from_pdf,complex,unknown,pdf_extraction,unknown,extracted,"34. Kigina gitiinikagwo irio hande itari nguru. (GJW K 77, N 218, Ba 264) MW","Extracted from page 8, confidence: 0.72",,
pdf_prov_734622eb,"37. Kumaatha gutiri hinya ta kuramata. (GJW K 154, Ba 314, N 253) MW","[NEEDS EXPERT TRANSLATION: 37. Kumaatha gutiri hinya ta kuramata. (GJW K 154, Ba 314, N 253) MW]",[NEEDS CULTURAL ANALYSIS: Proverb related to general_wisdom. Expert interpretation required for cultural meaning.],general_wisdom,General cultural proverb - low domain relevance,extracted_from_pdf,complex,unknown,pdf_extraction,unknown,extracted,"37. Kumaatha gutiri hinya ta kuramata. (GJW K 154, Ba 314, N 253) MW","Extracted from page 8, confidence: 0.67",,
pdf_prov_c59cac60,38. Kuhuuta na kuhuuna ititiganaga. (Ba 310) MW,[NEEDS EXPERT TRANSLATION: 38. Kuhuuta na kuhuuna ititiganaga. (Ba 310) MW],[NEEDS CULTURAL ANALYSIS: Proverb related to general_wisdom. Expert interpretation required for cultural meaning.],general_wisdom,General cultural proverb - low domain relevance,extracted_from_pdf,moderate,unknown,pdf_extraction,unknown,extracted,38. Kuhuuta na kuhuuna ititiganaga. (Ba 310) MW,"Extracted from page 9, confidence: 0.72",,
pdf_prov_6bbf8a2b,"39. Kuri mwoni na muraata thi. (KW vol.1 pg 315, Ba 324) MW","[NEEDS EXPERT TRANSLATION: 39. Kuri mwoni na muraata thi. (KW vol.1 pg 315, Ba 324) MW]",[NEEDS CULTURAL ANALYSIS: Proverb related to general_wisdom. Expert interpretation required for cultural meaning.],general_wisdom,General cultural proverb - low domain relevance,extracted_from_pdf,complex,unknown,pdf_extraction,unknown,extracted,"39. Kuri mwoni na muraata thi. (KW vol.1 pg 315, Ba 324) MW","Extracted from page 9, confidence: 0.67",,
pdf_prov_dcf217b8,"42. Mbeeca itiri mwana kana nyina. (N 300, JGW M 58) M","[NEEDS EXPERT TRANSLATION: 42. Mbeeca itiri mwana kana nyina. (N 300, JGW M 58) M]",[NEEDS CULTURAL ANALYSIS: Proverb related to general_wisdom. Expert interpretation required for cultural meaning.],general_wisdom,General cultural proverb - low domain relevance,extracted_from_pdf,complex,unknown,pdf_extraction,unknown,extracted,"42. Mbeeca itiri mwana kana nyina. (N 300, JGW M 58) M","Extracted from page 9, confidence: 0.78",,
pdf_prov_5b80a01c,44. Mugunda ni mugema wa mwene. W,[NEEDS EXPERT TRANSLATION: 44. Mugunda ni mugema wa mwene. W],[NEEDS CULTURAL ANALYSIS: Proverb related to general_wisdom. Expert interpretation required for cultural meaning.],general_wisdom,General cultural proverb - low domain relevance,extracted_from_pdf,moderate,unknown,pdf_extraction,unknown,extracted,44. Mugunda ni mugema wa mwene. W,"Extracted from page 9, confidence: 0.42",,
pdf_prov_3c8f39d7,"45. Mugunda wene nduinagwo. (Ba 446, GJW M 164) W","[NEEDS EXPERT TRANSLATION: 45. Mugunda wene nduinagwo. (Ba 446, GJW M 164) W]",[NEEDS CULTURAL ANALYSIS: Proverb related to general_wisdom. Expert interpretation required for cultural meaning.],general_wisdom,General cultural proverb - low domain relevance,extracted_from_pdf,complex,unknown,pdf_extraction,unknown,extracted,"45. Mugunda wene NEG-inagwo. (Ba 446, GJW M 164) W","Extracted from page 9, confidence: 0.62",,
pdf_prov_b1983378,46. Mugurira hakuhi nita aheo. (Ba 447) MW,[NEEDS EXPERT TRANSLATION: 46. Mugurira hakuhi nita aheo. (Ba 447) MW],[NEEDS CULTURAL ANALYSIS: Proverb related to general_wisdom. Expert interpretation required for cultural meaning.],general_wisdom,General cultural proverb - low domain relevance,extracted_from_pdf,moderate,unknown,pdf_extraction,unknown,extracted,46. Mugurira hakuhi nita aheo. (Ba 447) MW,"Extracted from page 9, confidence: 0.61",,
pdf_prov_b0495477,"47. Muhakana na ciake itimuuragira. . (GJW M 171, Ba 450) MW","[NEEDS EXPERT TRANSLATION: 47. Muhakana na ciake itimuuragira. . (GJW M 171, Ba 450) MW]",[NEEDS CULTURAL ANALYSIS: Proverb related to general_wisdom. Expert interpretation required for cultural meaning.],general_wisdom,General cultural proverb - low domain relevance,extracted_from_pdf,complex,unknown,pdf_extraction,unknown,extracted,"47. Muhakana na ciake itimuuragira. . (GJW M 171, Ba 450) MW","Extracted from page 9, confidence: 0.72",,
pdf_prov_7e37cddc,English: He who stands close to his property does not lose it.,[NEEDS EXPERT TRANSLATION: English: He who stands close to his property does not lose it.],[NEEDS CULTURAL ANALYSIS: Proverb related to general_wisdom. Expert interpretation required for cultural meaning.],general_wisdom,General cultural proverb - low domain relevance,extracted_from_pdf,complex,unknown,pdf_extraction,unknown,extracted,English: He who stands close to his property does not lose it.,"Extracted from page 9, confidence: 0.67",,
pdf_prov_1d10734f,English: The thief cannot keep fit because his stools contain undigested food.,[NEEDS EXPERT TRANSLATION: English: The thief cannot keep fit because his stools contain undigested food.],[NEEDS CULTURAL ANALYSIS: Proverb related to general_wisdom. Expert interpretation required for cultural meaning.],general_wisdom,General cultural proverb - low domain relevance,extracted_from_pdf,complex,unknown,pdf_extraction,unknown,extracted,English: The thief cannot keep fit because his stools contain undigested food.,"Extracted from page 9, confidence: 0.67",,
pdf_prov_d1557228,"49. Muici uri hunyu arindagira uri maguta. (Ba 471, GJW M 200) W","[NEEDS EXPERT TRANSLATION: 49. Muici uri hunyu arindagira uri maguta. (Ba 471, GJW M 200) W]",[NEEDS CULTURAL ANALYSIS: Proverb related to general_wisdom. Expert interpretation required for cultural meaning.],general_wisdom,General cultural proverb - low domain relevance,extracted_from_pdf,complex,unknown,pdf_extraction,unknown,extracted,"49. Muici uri hunyu arindagira uri maguta. (Ba 471, GJW M 200) W","Extracted from page 9, confidence: 0.72",,
pdf_prov_76b36b66,"50. Muici utari munyiite ni muria gake. (GJW M 201, N 351, Ba 472) MW","[NEEDS EXPERT TRANSLATION: 50. Muici utari munyiite ni muria gake. (GJW M 201, N 351, Ba 472) MW]",[NEEDS CULTURAL ANALYSIS: Proverb related to general_wisdom. Expert interpretation required for cultural meaning.],general_wisdom,General cultural proverb - low domain relevance,extracted_from_pdf,complex,unknown,pdf_extraction,unknown,extracted,"50. Muici utari munyiite ni muria gake. (GJW M 201, N 351, Ba 472) MW","Extracted from page 9, confidence: 0.61",,
pdf_prov_5a6a174a,51. Mukoobi thiiri ndendete kuriha. . (GJW M 240) M,[NEEDS EXPERT TRANSLATION: 51. Mukoobi thiiri ndendete kuriha. . (GJW M 240) M],[NEEDS CULTURAL ANALYSIS: Proverb related to general_wisdom. Expert interpretation required for cultural meaning.],general_wisdom,General cultural proverb - low domain relevance,extracted_from_pdf,complex,unknown,pdf_extraction,unknown,extracted,51. Mukoobi thiiri ndendete kuriha. . (GJW M 240) M,"Extracted from page 9, confidence: 0.46",,
pdf_prov_6e2d08d4,"52. Mundu-muka ndatumagwo thiriini. (GJW M 267, KW vol.1 pg 272) M","[NEEDS EXPERT TRANSLATION: 52. Mundu-muka ndatumagwo thiriini. (GJW M 267, KW vol.1 pg 272) M]",[NEEDS CULTURAL ANALYSIS: Proverb related to general_wisdom. Expert interpretation required for cultural meaning.],general_wisdom,General cultural proverb - low domain relevance,extracted_from_pdf,complex,unknown,pdf_extraction,unknown,extracted,"52. Mundu-muka NEG-tumagwo thiriini. (GJW M 267, KW vol.1 pg 272) M","Extracted from page 9, confidence: 0.53",,
pdf_prov_3d61fdf3,"53. Muriio wa njoohi niuriukagwo, no wa indo nduriukagwo. . (GJW M 341, Ba 544) W","[NEEDS EXPERT TRANSLATION: 53. Muriio wa njoohi niuriukagwo, no wa indo nduriukagwo. . (GJW M 341, Ba 544) W]",[NEEDS CULTURAL ANALYSIS: Proverb related to general_wisdom. Expert interpretation required for cultural meaning.],general_wisdom,General cultural proverb - low domain relevance,extracted_from_pdf,complex,unknown,pdf_extraction,unknown,extracted,"53. Muriio wa njoohi niuriukagwo, no wa indo NEG-riukagwo. . (GJW M 341, Ba 544) W","Extracted from page 9, confidence: 0.68",,
pdf_prov_05ff420d,"English: The drunkenness of beer passes away, but that of wealth does not.","[NEEDS EXPERT TRANSLATION: English: The drunkenness of beer passes away, but that of wealth does not.]",[NEEDS CULTURAL ANALYSIS: Proverb related to general_wisdom. Expert interpretation required for cultural meaning.],general_wisdom,General cultural proverb - low domain relevance,extracted_from_pdf,complex,unknown,pdf_extraction,unknown,extracted,"English: The drunkenness of beer passes away, but that of wealth does not.","Extracted from page 9, confidence: 0.67",,
pdf_prov_3eaad99f,"54. Muthiini niathinukaga, no munyamaari ndathiinukaga. (GJW M 384) MW","[NEEDS EXPERT TRANSLATION: 54. Muthiini niathinukaga, no munyamaari ndathiinukaga. (GJW M 384) MW]",[NEEDS CULTURAL ANALYSIS: Proverb related to general_wisdom. Expert interpretation required for cultural meaning.],general_wisdom,General cultural proverb - low domain relevance,extracted_from_pdf,complex,unknown,pdf_extraction,unknown,extracted,"54. Muthiini niathinukaga, no munyamaari NEG-thiinukaga. (GJW M 384) MW","Extracted from page 9, confidence: 0.78",,
pdf_prov_477ab891,"English: A poor man can overcome poverty, but a man poor at heart can never.","[NEEDS EXPERT TRANSLATION: English: A poor man can overcome poverty, but a man poor at heart can never.]",[NEEDS CULTURAL ANALYSIS: Proverb related to general_wisdom. Expert interpretation required for cultural meaning.],general_wisdom,General cultural proverb - low domain relevance,extracted_from_pdf,complex,unknown,pdf_extraction,unknown,extracted,"English: A poor man can overcome poverty, but a man poor at heart can never.","Extracted from page 9, confidence: 0.61",,
pdf_prov_a5e83e1d,"56. Mwana ndaheanagwo (Ba 607, GJW 468) W","[NEEDS EXPERT TRANSLATION: 56. Mwana ndaheanagwo (Ba 607, GJW 468) W]",[NEEDS CULTURAL ANALYSIS: Proverb related to general_wisdom. Expert interpretation required for cultural meaning.],general_wisdom,General cultural proverb - low domain relevance,extracted_from_pdf,moderate,unknown,pdf_extraction,unknown,extracted,"56. Mwana NEG-heanagwo (Ba 607, GJW 468) W","Extracted from page 9, confidence: 0.72",,
pdf_prov_28c02894,59. Mwana wa kahii ti wa kairiitu. (KW vol.1 pg 306) W,[NEEDS EXPERT TRANSLATION: 59. Mwana wa kahii ti wa kairiitu. (KW vol.1 pg 306) W],[NEEDS CULTURAL ANALYSIS: Proverb related to general_wisdom. Expert interpretation required for cultural meaning.],general_wisdom,General cultural proverb - low domain relevance,extracted_from_pdf,complex,unknown,pdf_extraction,unknown,extracted,59. Mwana wa kahii ti wa kairiitu. (KW vol.1 pg 306) W,"Extracted from page 10, confidence: 0.68",,
pdf_prov_1685e07c,"English: A male child, is not a female child.","[NEEDS EXPERT TRANSLATION: English: A male child, is not a female child.]",[NEEDS CULTURAL ANALYSIS: Proverb related to general_wisdom. Expert interpretation required for cultural meaning.],general_wisdom,General cultural proverb - low domain relevance,extracted_from_pdf,complex,unknown,pdf_extraction,unknown,extracted,"English: A male child, is not a female child.","Extracted from page 10, confidence: 0.67",,
pdf_prov_2d58daa0,"63. Ndonga imwe ndihingaga iriuko. (GJW N 70, Ba 677, N 488) W","[NEEDS EXPERT TRANSLATION: 63. Ndonga imwe ndihingaga iriuko. (GJW N 70, Ba 677, N 488) W]",[NEEDS CULTURAL ANALYSIS: Proverb related to general_wisdom. Expert interpretation required for cultural meaning.],general_wisdom,General cultural proverb - low domain relevance,extracted_from_pdf,complex,unknown,pdf_extraction,unknown,extracted,"63. Ndonga imwe ndihingaga iriuko. (GJW N 70, Ba 677, N 488) W","Extracted from page 10, confidence: 0.46",,
pdf_prov_a3fa40e2,"English: An arrogant rich man, is surpassed by a miser.","[NEEDS EXPERT TRANSLATION: English: An arrogant rich man, is surpassed by a miser.]",[NEEDS CULTURAL ANALYSIS: Proverb related to general_wisdom. Expert interpretation required for cultural meaning.],general_wisdom,General cultural proverb - low domain relevance,extracted_from_pdf,complex,unknown,pdf_extraction,unknown,extracted,"English: An arrogant rich man, is surpassed by a miser.","Extracted from page 10, confidence: 0.61",,
pdf_prov_25de297f,"65. Ndugu nyingi ithaatagia muhuko. (Ba 683, GJW N 57. KW vol.1 pg 197) MW","[NEEDS EXPERT TRANSLATION: 65. Ndugu nyingi ithaatagia muhuko. (Ba 683, GJW N 57. KW vol.1 pg 197) MW]",[NEEDS CULTURAL ANALYSIS: Proverb related to general_wisdom. Expert interpretation required for cultural meaning.],general_wisdom,General cultural proverb - low domain relevance,extracted_from_pdf,complex,unknown,pdf_extraction,unknown,extracted,"65. Ndugu nyingi ithaatagia muhuko. (Ba 683, GJW N 57. KW vol.1 pg 197) MW","Extracted from page 10, confidence: 0.67",,
pdf_prov_9e117969,English: Many acquaintances deplete the pocket,[NEEDS EXPERT TRANSLATION: English: Many acquaintances deplete the pocket],[NEEDS CULTURAL ANALYSIS: Proverb related to general_wisdom. Expert interpretation required for cultural meaning.],general_wisdom,General cultural proverb - low domain relevance,extracted_from_pdf,moderate,unknown,pdf_extraction,unknown,extracted,English: Many acquaintances deplete the pocket,"Extracted from page 10, confidence: 0.67",,
pdf_prov_045aebe8,66. Ngai ndoonagio nda. (KW vil.1 pg 318) WM,[NEEDS EXPERT TRANSLATION: 66. Ngai ndoonagio nda. (KW vil.1 pg 318) WM],[NEEDS CULTURAL ANALYSIS: Proverb related to general_wisdom. Expert interpretation required for cultural meaning.],general_wisdom,General cultural proverb - low domain relevance,extracted_from_pdf,complex,unknown,pdf_extraction,unknown,extracted,66. Ngai ndoonagio NEG-. (KW vil.1 pg 318) WM,"Extracted from page 10, confidence: 0.57",,
pdf_prov_31f207ee,"67. Ngia itari thiiri ti ngia. (GJW N 124, N 475) W","[NEEDS EXPERT TRANSLATION: 67. Ngia itari thiiri ti ngia. (GJW N 124, N 475) W]",[NEEDS CULTURAL ANALYSIS: Proverb related to general_wisdom. Expert interpretation required for cultural meaning.],general_wisdom,General cultural proverb - low domain relevance,extracted_from_pdf,complex,unknown,pdf_extraction,unknown,extracted,"67. Ngia itari thiiri ti ngia. (GJW N 124, N 475) W","Extracted from page 10, confidence: 0.61",,
pdf_prov_2ccb8985,"English: The sun has no rich people, but only the poor people.","[NEEDS EXPERT TRANSLATION: English: The sun has no rich people, but only the poor people.]",[NEEDS CULTURAL ANALYSIS: Proverb related to general_wisdom. Expert interpretation required for cultural meaning.],general_wisdom,General cultural proverb - low domain relevance,extracted_from_pdf,complex,unknown,pdf_extraction,unknown,extracted,"English: The sun has no rich people, but only the poor people.","Extracted from page 10, confidence: 0.61",,
pdf_prov_5dce8f27,"74. Thiiri utarihwo no wa urogi. (GJW T 41, N 563, Ba 847) M","[NEEDS EXPERT TRANSLATION: 74. Thiiri utarihwo no wa urogi. (GJW T 41, N 563, Ba 847) M]",[NEEDS CULTURAL ANALYSIS: Proverb related to general_wisdom. Expert interpretation required for cultural meaning.],general_wisdom,General cultural proverb - low domain relevance,extracted_from_pdf,complex,unknown,pdf_extraction,unknown,extracted,"74. Thiiri utarihwo no wa urogi. (GJW T 41, N 563, Ba 847) M","Extracted from page 10, confidence: 0.72",,
pdf_prov_298d620b,"75. Thogora nduri mwana na nyina. (GJW T 58, Ba 852, N 570) M","[NEEDS EXPERT TRANSLATION: 75. Thogora nduri mwana na nyina. (GJW T 58, Ba 852, N 570) M]",[NEEDS CULTURAL ANALYSIS: Proverb related to general_wisdom. Expert interpretation required for cultural meaning.],general_wisdom,General cultural proverb - low domain relevance,extracted_from_pdf,complex,unknown,pdf_extraction,unknown,extracted,"75. Thogora NEG-ri mwana na nyina. (GJW T 58, Ba 852, N 570) M","Extracted from page 10, confidence: 0.42",,
pdf_prov_875106a3,"English: In business bargain, there is no child or mother.","[NEEDS EXPERT TRANSLATION: English: In business bargain, there is no child or mother.]",[NEEDS CULTURAL ANALYSIS: Proverb related to general_wisdom. Expert interpretation required for cultural meaning.],general_wisdom,General cultural proverb - low domain relevance,extracted_from_pdf,complex,unknown,pdf_extraction,unknown,extracted,"English: In business bargain, there is no child or mother.","Extracted from page 10, confidence: 0.61",,
pdf_prov_1a56b326,"76. Thogora ni mururumo utaruo. (GJW T 59, Ba 851) M","[NEEDS EXPERT TRANSLATION: 76. Thogora ni mururumo utaruo. (GJW T 59, Ba 851) M]",[NEEDS CULTURAL ANALYSIS: Proverb related to general_wisdom. Expert interpretation required for cultural meaning.],general_wisdom,General cultural proverb - low domain relevance,extracted_from_pdf,complex,unknown,pdf_extraction,unknown,extracted,"76. Thogora ni mururumo utaruo. (GJW T 59, Ba 851) M","Extracted from page 10, confidence: 0.61",,
pdf_prov_542b3be1,79. Tiga kwihira uriri wi riikoini. GJW T 85) MW,[NEEDS EXPERT TRANSLATION: 79. Tiga kwihira uriri wi riikoini. GJW T 85) MW],[NEEDS CULTURAL ANALYSIS: Proverb related to general_wisdom. Expert interpretation required for cultural meaning.],general_wisdom,General cultural proverb - low domain relevance,extracted_from_pdf,complex,unknown,pdf_extraction,unknown,extracted,79. Tiga kwihira uriri wi riikoini. GJW T 85) MW,"Extracted from page 11, confidence: 0.61",,
pdf_prov_8b008c75,80. Uhunii eetaga uhutii mukoroku. . (KW vol.1 pg 319) MW,[NEEDS EXPERT TRANSLATION: 80. Uhunii eetaga uhutii mukoroku. . (KW vol.1 pg 319) MW],[NEEDS CULTURAL ANALYSIS: Proverb related to general_wisdom. Expert interpretation required for cultural meaning.],general_wisdom,General cultural proverb - low domain relevance,extracted_from_pdf,complex,unknown,pdf_extraction,unknown,extracted,80. Uhunii eetaga uhutii mukoroku. . (KW vol.1 pg 319) MW,"Extracted from page 11, confidence: 0.61",,
pdf_prov_8ad2141f,"English: He who is satisfied, calls the hungry one greedy.","[NEEDS EXPERT TRANSLATION: English: He who is satisfied, calls the hungry one greedy.]",[NEEDS CULTURAL ANALYSIS: Proverb related to general_wisdom. Expert interpretation required for cultural meaning.],general_wisdom,General cultural proverb - low domain relevance,extracted_from_pdf,complex,unknown,pdf_extraction,unknown,extracted,"English: He who is satisfied, calls the hungry one greedy.","Extracted from page 11, confidence: 0.56",,
pdf_prov_8d26f9e6,81. Ukari muhithe ndumenanagirwo. MW,[NEEDS EXPERT TRANSLATION: 81. Ukari muhithe ndumenanagirwo. MW],[NEEDS CULTURAL ANALYSIS: Proverb related to general_wisdom. Expert interpretation required for cultural meaning.],general_wisdom,General cultural proverb - low domain relevance,extracted_from_pdf,moderate,unknown,pdf_extraction,unknown,extracted,81. Ukari muhithe NEG-menanagirwo. MW,"Extracted from page 11, confidence: 0.62",,
pdf_prov_e669c5ad,"English: Warmth has no wealth, it is the cold that has.","[NEEDS EXPERT TRANSLATION: English: Warmth has no wealth, it is the cold that has.]",[NEEDS CULTURAL ANALYSIS: Proverb related to general_wisdom. Expert interpretation required for cultural meaning.],general_wisdom,General cultural proverb - low domain relevance,extracted_from_pdf,complex,unknown,pdf_extraction,unknown,extracted,"English: Warmth has no wealth, it is the cold that has.","Extracted from page 11, confidence: 0.67",,
pdf_prov_9b821872,"84. Utaana uminagira murokerwo ng’ombe. (GJW U 100, Ba 933) W","[NEEDS EXPERT TRANSLATION: 84. Utaana uminagira murokerwo ng’ombe. (GJW U 100, Ba 933) W]",[NEEDS CULTURAL ANALYSIS: Proverb related to general_wisdom. Expert interpretation required for cultural meaning.],general_wisdom,General cultural proverb - low domain relevance,extracted_from_pdf,complex,unknown,pdf_extraction,unknown,extracted,"84. Utaana uminagira murokerwo ng’ombe. (GJW U 100, Ba 933) W","Extracted from page 11, confidence: 0.67",,
pdf_prov_eabc5a02,85. Utari ndari ngoro (Githumbi/ githumba gitiri ngoro) (Ba 936) MW,[NEEDS EXPERT TRANSLATION: 85. Utari ndari ngoro (Githumbi/ githumba gitiri ngoro) (Ba 936) MW],[NEEDS CULTURAL ANALYSIS: Proverb related to general_wisdom. Expert interpretation required for cultural meaning.],general_wisdom,General cultural proverb - low domain relevance,extracted_from_pdf,complex,unknown,pdf_extraction,unknown,extracted,85. Utari NEG-ri ngoro (Githumbi/ githumba gitiri ngoro) (Ba 936) MW,"Extracted from page 11, confidence: 0.67",,
pdf_prov_b3a41b83,"86. Utari ndeetagwo ndundu. . (GJW U 109, Ba 938) MW","[NEEDS EXPERT TRANSLATION: 86. Utari ndeetagwo ndundu. . (GJW U 109, Ba 938) MW]",[NEEDS CULTURAL ANALYSIS: Proverb related to general_wisdom. Expert interpretation required for cultural meaning.],general_wisdom,General cultural proverb - low domain relevance,extracted_from_pdf,complex,unknown,pdf_extraction,unknown,extracted,"86. Utari ndeetagwo NEG-ndu. . (GJW U 109, Ba 938) MW","Extracted from page 11, confidence: 0.87",,
pdf_prov_26e5dff2,87. Utari ni wa kwa mari. (Muthiini egiritagia itonga) . (GJW U 110) MW,[NEEDS EXPERT TRANSLATION: 87. Utari ni wa kwa mari. (Muthiini egiritagia itonga) . (GJW U 110) MW],[NEEDS CULTURAL ANALYSIS: Proverb related to general_wisdom. Expert interpretation required for cultural meaning.],general_wisdom,General cultural proverb - low domain relevance,extracted_from_pdf,complex,unknown,pdf_extraction,unknown,extracted,87. Utari ni wa kwa mari. (Muthiini egiritagia itonga) . (GJW U 110) MW,"Extracted from page 11, confidence: 0.72",,
pdf_prov_c07b1240,89. Uthaka wa mundurume ni mbeeca. M,[NEEDS EXPERT TRANSLATION: 89. Uthaka wa mundurume ni mbeeca. M],[NEEDS CULTURAL ANALYSIS: Proverb related to general_wisdom. Expert interpretation required for cultural meaning.],general_wisdom,General cultural proverb - low domain relevance,extracted_from_pdf,moderate,unknown,pdf_extraction,unknown,extracted,89. Uthaka wa mundurume ni mbeeca. M,"Extracted from page 11, confidence: 0.62",,
pdf_prov_5a773bed,90. Uthuri wa gitonga ndunungaga. (Ba 945) MW,[NEEDS EXPERT TRANSLATION: 90. Uthuri wa gitonga ndunungaga. (Ba 945) MW],[NEEDS CULTURAL ANALYSIS: Proverb related to general_wisdom. Expert interpretation required for cultural meaning.],general_wisdom,General cultural proverb - low domain relevance,extracted_from_pdf,moderate,unknown,pdf_extraction,unknown,extracted,90. Uthuri wa gitonga NEG-nungaga. (Ba 945) MW,"Extracted from page 11, confidence: 0.57",,
pdf_prov_a36e99da,95. Utonga wa muthiini ni ciana. W,[NEEDS EXPERT TRANSLATION: 95. Utonga wa muthiini ni ciana. W],[NEEDS CULTURAL ANALYSIS: Proverb related to wealth_management. Expert interpretation required for cultural meaning.],wealth_management,High relevance to wealth/entrepreneurship (score: 0.40),extracted_from_pdf,moderate,unknown,pdf_extraction,unknown,extracted,95. Utonga wa muthiini ni ciana. W,"Extracted from page 11, confidence: 0.57",,
pdf_prov_c6307c4f,"96. Utonga wa muici nduthuunaga, na ni uteeaga wake. (GJW U 133,Ba 954) MW","[NEEDS EXPERT TRANSLATION: 96. Utonga wa muici nduthuunaga, na ni uteeaga wake. (GJW U 133,Ba 954) MW]",[NEEDS CULTURAL ANALYSIS: Proverb related to wealth_management. Expert interpretation required for cultural meaning.],wealth_management,High relevance to wealth/entrepreneurship (score: 0.40),extracted_from_pdf,complex,unknown,pdf_extraction,unknown,extracted,"96. Utonga wa muici NEG-thuunaga, na ni uteeaga wake. (GJW U 133,Ba 954) MW","Extracted from page 11, confidence: 0.62",,
pdf_prov_4cde43db,"English: Unlawful riches do not prosper, they ruin even the legitimate ones.","[NEEDS EXPERT TRANSLATION: English: Unlawful riches do not prosper, they ruin even the legitimate ones.]",[NEEDS CULTURAL ANALYSIS: Proverb related to general_wisdom. Expert interpretation required for cultural meaning.],general_wisdom,General cultural proverb - low domain relevance,extracted_from_pdf,complex,unknown,pdf_extraction,unknown,extracted,"English: Unlawful riches do not prosper, they ruin even the legitimate ones.","Extracted from page 11, confidence: 0.67",,
pdf_prov_7906af22,"98.Wagi ndumenanagirwo (GJW W 18, N 641) W","[NEEDS EXPERT TRANSLATION: 98.Wagi ndumenanagirwo (GJW W 18, N 641) W]",[NEEDS CULTURAL ANALYSIS: Proverb related to general_wisdom. Expert interpretation required for cultural meaning.],general_wisdom,General cultural proverb - low domain relevance,extracted_from_pdf,moderate,unknown,pdf_extraction,unknown,extracted,"98.Wagi NEG-menanagirwo (GJW W 18, N 641) W","Extracted from page 12, confidence: 0.42",,
pdf_prov_dee2799b,99.Waagi wi gitaranio. (KW vol.1 pg 348) W,[NEEDS EXPERT TRANSLATION: 99.Waagi wi gitaranio. (KW vol.1 pg 348) W],[NEEDS CULTURAL ANALYSIS: Proverb related to general_wisdom. Expert interpretation required for cultural meaning.],general_wisdom,General cultural proverb - low domain relevance,extracted_from_pdf,moderate,unknown,pdf_extraction,unknown,extracted,99.Waagi wi gitaranio. (KW vol.1 pg 348) W,"Extracted from page 12, confidence: 0.67",,
pdf_prov_b8282077,"100.Wooni wi njaci. (Ba 991, KW vol.1 pg 321) MW","[NEEDS EXPERT TRANSLATION: 100.Wooni wi njaci. (Ba 991, KW vol.1 pg 321) MW]",[NEEDS CULTURAL ANALYSIS: Proverb related to general_wisdom. Expert interpretation required for cultural meaning.],general_wisdom,General cultural proverb - low domain relevance,extracted_from_pdf,complex,unknown,pdf_extraction,unknown,extracted,"100.Wooni wi njaci. (Ba 991, KW vol.1 pg 321) MW","Extracted from page 12, confidence: 0.56",,
pdf_prov_090b743a,"English: The state of having acquired wealth, breeds contemptuous pride.","[NEEDS EXPERT TRANSLATION: English: The state of having acquired wealth, breeds contemptuous pride.]",[NEEDS CULTURAL ANALYSIS: Proverb related to general_wisdom. Expert interpretation required for cultural meaning.],general_wisdom,General cultural proverb - low domain relevance,extracted_from_pdf,complex,unknown,pdf_extraction,unknown,extracted,"English: The state of having acquired wealth, breeds contemptuous pride.","Extracted from page 12, confidence: 0.67",,
pdf_prov_5d207fe7,"1. Aikaragia mbia ta njuu ngigi. (GJW A 5, Ba 4) M","[NEEDS EXPERT TRANSLATION: 1. Aikaragia mbia ta njuu ngigi. (GJW A 5, Ba 4) M]",[NEEDS CULTURAL ANALYSIS: Proverb related to general_wisdom. Expert interpretation required for cultural meaning.],general_wisdom,General cultural proverb - low domain relevance,extracted_from_pdf,complex,unknown,pdf_extraction,unknown,extracted,"1. Aikaragia mbia ta njuu ngigi. (GJW A 5, Ba 4) M","Extracted from page 13, confidence: 0.67",,
pdf_prov_31307698,Kiswahili: Huzichunga pesa zake kama vile “njuu” huzifuata nzige.,[NEEDS EXPERT TRANSLATION: Kiswahili: Huzichunga pesa zake kama vile “njuu” huzifuata nzige.],[NEEDS CULTURAL ANALYSIS: Proverb related to general_wisdom. Expert interpretation required for cultural meaning.],general_wisdom,General cultural proverb - low domain relevance,extracted_from_pdf,complex,unknown,pdf_extraction,unknown,extracted,Kiswahili: Huzichunga pesa zake kama vile “njuu” huzifuata nzige.,"Extracted from page 13, confidence: 0.78",,
pdf_prov_02e5a8b8,"hunger for more money. It also creates mistrust, such that the person becomes possessive.","[NEEDS EXPERT TRANSLATION: hunger for more money. It also creates mistrust, such that the person becomes possessive.]",[NEEDS CULTURAL ANALYSIS: Proverb related to general_wisdom. Expert interpretation required for cultural meaning.],general_wisdom,General cultural proverb - low domain relevance,extracted_from_pdf,complex,unknown,pdf_extraction,unknown,extracted,"hunger for more money. It also creates mistrust, such that the person becomes possessive.","Extracted from page 13, confidence: 0.56",,
pdf_prov_10a058a3,"2. Andu ni indo. (GJW A 19, KW vol.1 pg 311) W","[NEEDS EXPERT TRANSLATION: 2. Andu ni indo. (GJW A 19, KW vol.1 pg 311) W]",[NEEDS CULTURAL ANALYSIS: Proverb related to general_wisdom. Expert interpretation required for cultural meaning.],general_wisdom,General cultural proverb - low domain relevance,extracted_from_pdf,complex,unknown,pdf_extraction,unknown,extracted,"2. Andu ni indo. (GJW A 19, KW vol.1 pg 311) W","Extracted from page 14, confidence: 0.61",,
pdf_prov_2423efac,Kiswahili: Watu ni mali.,[NEEDS EXPERT TRANSLATION: Kiswahili: Watu ni mali.],[NEEDS CULTURAL ANALYSIS: Proverb related to general_wisdom. Expert interpretation required for cultural meaning.],general_wisdom,General cultural proverb - low domain relevance,extracted_from_pdf,simple,unknown,pdf_extraction,unknown,extracted,Kiswahili: Watu ni mali.,"Extracted from page 14, confidence: 0.42",,
pdf_prov_312c4685,Kiswahili: Mali ya wanaume hupotelea mahali kwingi.,[NEEDS EXPERT TRANSLATION: Kiswahili: Mali ya wanaume hupotelea mahali kwingi.],[NEEDS CULTURAL ANALYSIS: Proverb related to general_wisdom. Expert interpretation required for cultural meaning.],general_wisdom,General cultural proverb - low domain relevance,extracted_from_pdf,moderate,unknown,pdf_extraction,unknown,extracted,Kiswahili: Mali ya wanaume hupotelea mahali kwingi.,"Extracted from page 15, confidence: 0.42",,
pdf_prov_f77a808f,really important. It teaches that carefully planned usage is necessary in order for it to last.,[NEEDS EXPERT TRANSLATION: really important. It teaches that carefully planned usage is necessary in order for it to last.],[NEEDS CULTURAL ANALYSIS: Proverb related to general_wisdom. Expert interpretation required for cultural meaning.],general_wisdom,General cultural proverb - low domain relevance,extracted_from_pdf,complex,unknown,pdf_extraction,unknown,extracted,really important. It teaches that carefully planned usage is necessary in order for it to last.,"Extracted from page 15, confidence: 0.61",,
pdf_prov_6e67cb23,English: In an unstable country one cannot become wealthy.,[NEEDS EXPERT TRANSLATION: English: In an unstable country one cannot become wealthy.],[NEEDS CULTURAL ANALYSIS: Proverb related to general_wisdom. Expert interpretation required for cultural meaning.],general_wisdom,General cultural proverb - low domain relevance,extracted_from_pdf,complex,unknown,pdf_extraction,unknown,extracted,English: In an unstable country one cannot become wealthy.,"Extracted from page 15, confidence: 0.67",,
pdf_prov_92aeebb2,Kiswahili: Huwezi kutajirika katika nchi yenye misukasuko.,[NEEDS EXPERT TRANSLATION: Kiswahili: Huwezi kutajirika katika nchi yenye misukasuko.],[NEEDS CULTURAL ANALYSIS: Proverb related to general_wisdom. Expert interpretation required for cultural meaning.],general_wisdom,General cultural proverb - low domain relevance,extracted_from_pdf,moderate,unknown,pdf_extraction,unknown,extracted,Kiswahili: Huwezi kutajirika katika nchi yenye misukasuko.,"Extracted from page 15, confidence: 0.72",,
pdf_prov_c9f963b5,Meaning: Political stability facilitates wealth.,[NEEDS EXPERT TRANSLATION: Meaning: Political stability facilitates wealth.],[NEEDS CULTURAL ANALYSIS: Proverb related to general_wisdom. Expert interpretation required for cultural meaning.],general_wisdom,General cultural proverb - low domain relevance,extracted_from_pdf,moderate,unknown,pdf_extraction,unknown,extracted,Meaning: Political stability facilitates wealth.,"Extracted from page 15, confidence: 0.61",,
pdf_prov_30e297c5,"environment that is stable, socially, economically and politically. One should therefore,","[NEEDS EXPERT TRANSLATION: environment that is stable, socially, economically and politically. One should therefore,]",[NEEDS CULTURAL ANALYSIS: Proverb related to general_wisdom. Expert interpretation required for cultural meaning.],general_wisdom,General cultural proverb - low domain relevance,extracted_from_pdf,complex,unknown,pdf_extraction,unknown,extracted,"environment that is stable, socially, economically and politically. One should therefore,","Extracted from page 15, confidence: 0.67",,
pdf_prov_033743cf,"Bible parallel: Proverbs 29:4 “The king gives stability to the land by justice, But a man","[NEEDS EXPERT TRANSLATION: Bible parallel: Proverbs 29:4 “The king gives stability to the land by justice, But a man]",[NEEDS CULTURAL ANALYSIS: Proverb related to general_wisdom. Expert interpretation required for cultural meaning.],general_wisdom,General cultural proverb - low domain relevance,extracted_from_pdf,complex,unknown,pdf_extraction,unknown,extracted,"Bible parallel: Proverbs 29:4 “The king gives stability to the land by justice, But a man","Extracted from page 15, confidence: 0.67",,
pdf_prov_da82c156,who takes bribes overthrows it.”,[NEEDS EXPERT TRANSLATION: who takes bribes overthrows it.”],[NEEDS CULTURAL ANALYSIS: Proverb related to general_wisdom. Expert interpretation required for cultural meaning.],general_wisdom,General cultural proverb - low domain relevance,extracted_from_pdf,moderate,unknown,pdf_extraction,unknown,extracted,who takes bribes overthrows it.”,"Extracted from page 15, confidence: 0.41",,
pdf_prov_7ea6f2b4,"5. Cia kionje itigayagwo kiri muoyo/gitanakua. (GJW C 8 , Ba 18, N24) W","[NEEDS EXPERT TRANSLATION: 5. Cia kionje itigayagwo kiri muoyo/gitanakua. (GJW C 8 , Ba 18, N24) W]",[NEEDS CULTURAL ANALYSIS: Proverb related to general_wisdom. Expert interpretation required for cultural meaning.],general_wisdom,General cultural proverb - low domain relevance,extracted_from_pdf,complex,unknown,pdf_extraction,unknown,extracted,"5. Cia kionje itigayagwo kiri muoyo/gitanakua. (GJW C 8 , Ba 18, N24) W","Extracted from page 17, confidence: 0.72",,
pdf_prov_026e620e,Kiswahili: Mali ya mlemavu haigawanywi kama bado yu hai.,[NEEDS EXPERT TRANSLATION: Kiswahili: Mali ya mlemavu haigawanywi kama bado yu hai.],[NEEDS CULTURAL ANALYSIS: Proverb related to general_wisdom. Expert interpretation required for cultural meaning.],general_wisdom,General cultural proverb - low domain relevance,extracted_from_pdf,complex,unknown,pdf_extraction,unknown,extracted,Kiswahili: Mali ya mlemavu haigawanywi kama bado yu hai.,"Extracted from page 17, confidence: 0.42",,
pdf_prov_f676c57e,Meaning: A poor man is unable to obtain any more than he possesses.,[NEEDS EXPERT TRANSLATION: Meaning: A poor man is unable to obtain any more than he possesses.],[NEEDS CULTURAL ANALYSIS: Proverb related to general_wisdom. Expert interpretation required for cultural meaning.],general_wisdom,General cultural proverb - low domain relevance,extracted_from_pdf,complex,unknown,pdf_extraction,unknown,extracted,Meaning: A poor man is unable to obtain any more than he possesses.,"Extracted from page 17, confidence: 0.72",,
pdf_prov_bd9a7206,"There I will put them on trial for what they did to my inheritance, my people Israel,","[NEEDS EXPERT TRANSLATION: There I will put them on trial for what they did to my inheritance, my people Israel,]",[NEEDS CULTURAL ANALYSIS: Proverb related to general_wisdom. Expert interpretation required for cultural meaning.],general_wisdom,General cultural proverb - low domain relevance,extracted_from_pdf,complex,unknown,pdf_extraction,unknown,extracted,"There I will put them on trial for what they did to my inheritance, my people Israel,","Extracted from page 17, confidence: 0.61",,
pdf_prov_8e23488b,chase fantasies have no sense.”,[NEEDS EXPERT TRANSLATION: chase fantasies have no sense.”],[NEEDS CULTURAL ANALYSIS: Proverb related to general_wisdom. Expert interpretation required for cultural meaning.],general_wisdom,General cultural proverb - low domain relevance,extracted_from_pdf,moderate,unknown,pdf_extraction,unknown,extracted,chase fantasies have no sense.”,"Extracted from page 18, confidence: 0.47",,
pdf_prov_f32bd888,Kiswahili: Kesi ndefu huleta ufukara.,[NEEDS EXPERT TRANSLATION: Kiswahili: Kesi ndefu huleta ufukara.],[NEEDS CULTURAL ANALYSIS: Proverb related to general_wisdom. Expert interpretation required for cultural meaning.],general_wisdom,General cultural proverb - low domain relevance,extracted_from_pdf,moderate,unknown,pdf_extraction,unknown,extracted,Kiswahili: Kesi ndefu huleta ufukara.,"Extracted from page 19, confidence: 0.72",,
pdf_prov_b932c058,"English: To get money, you have to spend money.","[NEEDS EXPERT TRANSLATION: English: To get money, you have to spend money.]",[NEEDS CULTURAL ANALYSIS: Proverb related to general_wisdom. Expert interpretation required for cultural meaning.],general_wisdom,General cultural proverb - low domain relevance,extracted_from_pdf,complex,unknown,pdf_extraction,unknown,extracted,"English: To get money, you have to spend money.","Extracted from page 20, confidence: 0.56",,
pdf_prov_259c8aa0,"Kiswahili: Kupata pesa, lazima utumie pesa.","[NEEDS EXPERT TRANSLATION: Kiswahili: Kupata pesa, lazima utumie pesa.]",[NEEDS CULTURAL ANALYSIS: Proverb related to general_wisdom. Expert interpretation required for cultural meaning.],general_wisdom,General cultural proverb - low domain relevance,extracted_from_pdf,moderate,unknown,pdf_extraction,unknown,extracted,"Kiswahili: Kupata pesa, lazima utumie pesa.","Extracted from page 20, confidence: 0.78",,
pdf_prov_b4416da4,"Meaning: Use money, make money.","[NEEDS EXPERT TRANSLATION: Meaning: Use money, make money.]",[NEEDS CULTURAL ANALYSIS: Proverb related to general_wisdom. Expert interpretation required for cultural meaning.],general_wisdom,General cultural proverb - low domain relevance,extracted_from_pdf,moderate,unknown,pdf_extraction,unknown,extracted,"Meaning: Use money, make money.","Extracted from page 20, confidence: 0.61",,
pdf_prov_24d08757,"Bible parallel: Matthew 25:17 “So also, the one with two bags of gold gained two","[NEEDS EXPERT TRANSLATION: Bible parallel: Matthew 25:17 “So also, the one with two bags of gold gained two]",[NEEDS CULTURAL ANALYSIS: Proverb related to general_wisdom. Expert interpretation required for cultural meaning.],general_wisdom,General cultural proverb - low domain relevance,extracted_from_pdf,complex,unknown,pdf_extraction,unknown,extracted,"Bible parallel: Matthew 25:17 “So also, the one with two bags of gold gained two","Extracted from page 20, confidence: 0.61",,
pdf_prov_c6ddb7b9,"Meaning: Life has no rest, only toil.","[NEEDS EXPERT TRANSLATION: Meaning: Life has no rest, only toil.]",[NEEDS CULTURAL ANALYSIS: Proverb related to general_wisdom. Expert interpretation required for cultural meaning.],general_wisdom,General cultural proverb - low domain relevance,extracted_from_pdf,moderate,unknown,pdf_extraction,unknown,extracted,"Meaning: Life has no rest, only toil.","Extracted from page 22, confidence: 0.61",,
pdf_prov_ff197045,"given to you, just as I promised to Moses”","[NEEDS EXPERT TRANSLATION: given to you, just as I promised to Moses”]",[NEEDS CULTURAL ANALYSIS: Proverb related to general_wisdom. Expert interpretation required for cultural meaning.],general_wisdom,General cultural proverb - low domain relevance,extracted_from_pdf,complex,unknown,pdf_extraction,unknown,extracted,"given to you, just as I promised to Moses”","Extracted from page 23, confidence: 0.56",,
pdf_prov_3aa49d75,English: The rich man cannot be prevented from cultivating the “iganjo”he wants.,[NEEDS EXPERT TRANSLATION: English: The rich man cannot be prevented from cultivating the “iganjo”he wants.],[NEEDS CULTURAL ANALYSIS: Proverb related to general_wisdom. Expert interpretation required for cultural meaning.],general_wisdom,General cultural proverb - low domain relevance,extracted_from_pdf,complex,unknown,pdf_extraction,unknown,extracted,English: The rich man cannot be prevented from cultivating the “iganjo”he wants.,"Extracted from page 26, confidence: 0.42",,
pdf_prov_0aef93d5,Kiswahili: Tajiri hawezi kukataliwa kulima “iganjo” alitakalo.,[NEEDS EXPERT TRANSLATION: Kiswahili: Tajiri hawezi kukataliwa kulima “iganjo” alitakalo.],[NEEDS CULTURAL ANALYSIS: Proverb related to general_wisdom. Expert interpretation required for cultural meaning.],general_wisdom,General cultural proverb - low domain relevance,extracted_from_pdf,moderate,unknown,pdf_extraction,unknown,extracted,Kiswahili: Tajiri hawezi kukataliwa kulima “iganjo” alitakalo.,"Extracted from page 26, confidence: 0.78",,
pdf_prov_d88b2543,Bible parallel: Proverbs 22:22 “Don't take advantage of the poor just because you can;,[NEEDS EXPERT TRANSLATION: Bible parallel: Proverbs 22:22 “Don't take advantage of the poor just because you can;],[NEEDS CULTURAL ANALYSIS: Proverb related to general_wisdom. Expert interpretation required for cultural meaning.],general_wisdom,General cultural proverb - low domain relevance,extracted_from_pdf,complex,unknown,pdf_extraction,unknown,extracted,Bible parallel: Proverbs 22:22 “Don't take advantage of the poor just because you can;,"Extracted from page 26, confidence: 0.61",,
pdf_prov_28c4259d,don't take advantage of those who stand helpless in court.”,[NEEDS EXPERT TRANSLATION: don't take advantage of those who stand helpless in court.”],[NEEDS CULTURAL ANALYSIS: Proverb related to general_wisdom. Expert interpretation required for cultural meaning.],general_wisdom,General cultural proverb - low domain relevance,extracted_from_pdf,complex,unknown,pdf_extraction,unknown,extracted,don't take advantage of those who stand helpless in court.”,"Extracted from page 26, confidence: 0.41",,
pdf_prov_6a3579ec,"Kiswahili: Tajiri hula nyama ya mbuzi aliyedonda, yenye nyama ngumu/chakula","[NEEDS EXPERT TRANSLATION: Kiswahili: Tajiri hula nyama ya mbuzi aliyedonda, yenye nyama ngumu/chakula]",[NEEDS CULTURAL ANALYSIS: Proverb related to general_wisdom. Expert interpretation required for cultural meaning.],general_wisdom,General cultural proverb - low domain relevance,extracted_from_pdf,complex,unknown,pdf_extraction,unknown,extracted,"Kiswahili: Tajiri hula nyama ya mbuzi aliyedonda, yenye nyama ngumu/chakula","Extracted from page 26, confidence: 0.78",,
pdf_prov_4a72dd58,food since he has no time for himself. He malnourishes his body until he withers away.,[NEEDS EXPERT TRANSLATION: food since he has no time for himself. He malnourishes his body until he withers away.],[NEEDS CULTURAL ANALYSIS: Proverb related to general_wisdom. Expert interpretation required for cultural meaning.],general_wisdom,General cultural proverb - low domain relevance,extracted_from_pdf,complex,unknown,pdf_extraction,unknown,extracted,food since he has no time for himself. He malnourishes his body until he withers away.,"Extracted from page 26, confidence: 0.42",,
pdf_prov_1dfb7e62,"Proverbs 11:28 “Whoever trusts in his riches will fall, but the righteous will flourish like","[NEEDS EXPERT TRANSLATION: Proverbs 11:28 “Whoever trusts in his riches will fall, but the righteous will flourish like]",[NEEDS CULTURAL ANALYSIS: Proverb related to general_wisdom. Expert interpretation required for cultural meaning.],general_wisdom,General cultural proverb - low domain relevance,extracted_from_pdf,complex,unknown,pdf_extraction,unknown,extracted,"Proverbs 11:28 “Whoever trusts in his riches will fall, but the righteous will flourish like","Extracted from page 26, confidence: 0.56",,
pdf_prov_9794f9a9,"13. Gukiaga na gutonga ititiganaga. GJW G 59, Ba 73) WM","[NEEDS EXPERT TRANSLATION: 13. Gukiaga na gutonga ititiganaga. GJW G 59, Ba 73) WM]",[NEEDS CULTURAL ANALYSIS: Proverb related to wealth_management. Expert interpretation required for cultural meaning.],wealth_management,High relevance to wealth/entrepreneurship (score: 0.40),extracted_from_pdf,complex,unknown,pdf_extraction,unknown,extracted,"13. Gukiaga na gutonga ititiganaga. GJW G 59, Ba 73) WM","Extracted from page 28, confidence: 0.67",,
pdf_prov_0a581844,Kiswahili: Ufukara na utajiri haziachani.,[NEEDS EXPERT TRANSLATION: Kiswahili: Ufukara na utajiri haziachani.],[NEEDS CULTURAL ANALYSIS: Proverb related to general_wisdom. Expert interpretation required for cultural meaning.],general_wisdom,General cultural proverb - low domain relevance,extracted_from_pdf,moderate,unknown,pdf_extraction,unknown,extracted,Kiswahili: Ufukara na utajiri haziachani.,"Extracted from page 28, confidence: 0.78",,
pdf_prov_af473280,"Meaning: When prosperity comes, do not use all of it.","[NEEDS EXPERT TRANSLATION: Meaning: When prosperity comes, do not use all of it.]",[NEEDS CULTURAL ANALYSIS: Proverb related to general_wisdom. Expert interpretation required for cultural meaning.],general_wisdom,General cultural proverb - low domain relevance,extracted_from_pdf,complex,unknown,pdf_extraction,unknown,extracted,"Meaning: When prosperity comes, do not use all of it.","Extracted from page 28, confidence: 0.61",,
pdf_prov_9bc361e7,"English: There is nothing that is of worth, that is obtained from the comfort corner.","[NEEDS EXPERT TRANSLATION: English: There is nothing that is of worth, that is obtained from the comfort corner.]",[NEEDS CULTURAL ANALYSIS: Proverb related to general_wisdom. Expert interpretation required for cultural meaning.],general_wisdom,General cultural proverb - low domain relevance,extracted_from_pdf,complex,unknown,pdf_extraction,unknown,extracted,"English: There is nothing that is of worth, that is obtained from the comfort corner.","Extracted from page 29, confidence: 0.67",,
pdf_prov_4d7a04f2,Kiswahili: Hakuna chenye maana ambacho hupatikana kwa starehe.,[NEEDS EXPERT TRANSLATION: Kiswahili: Hakuna chenye maana ambacho hupatikana kwa starehe.],[NEEDS CULTURAL ANALYSIS: Proverb related to general_wisdom. Expert interpretation required for cultural meaning.],general_wisdom,General cultural proverb - low domain relevance,extracted_from_pdf,moderate,unknown,pdf_extraction,unknown,extracted,Kiswahili: Hakuna chenye maana ambacho hupatikana kwa starehe.,"Extracted from page 29, confidence: 0.89",,
pdf_prov_9a468592,"any barriers and difficulties that may be encountered, and always focus on achieving their","[NEEDS EXPERT TRANSLATION: any barriers and difficulties that may be encountered, and always focus on achieving their]",[NEEDS CULTURAL ANALYSIS: Proverb related to general_wisdom. Expert interpretation required for cultural meaning.],general_wisdom,General cultural proverb - low domain relevance,extracted_from_pdf,complex,unknown,pdf_extraction,unknown,extracted,"any barriers and difficulties that may be encountered, and always focus on achieving their","Extracted from page 29, confidence: 0.47",,
pdf_prov_150c224c,"15. Gutiri mburi itangiracio tiga inawathe. (GJW 121, Ba 333)","[NEEDS EXPERT TRANSLATION: 15. Gutiri mburi itangiracio tiga inawathe. (GJW 121, Ba 333)]",[NEEDS CULTURAL ANALYSIS: Proverb related to general_wisdom. Expert interpretation required for cultural meaning.],general_wisdom,General cultural proverb - low domain relevance,extracted_from_pdf,complex,unknown,pdf_extraction,unknown,extracted,"15. Gutiri mburi itangiracio tiga inawathe. (GJW 121, Ba 333)","Extracted from page 30, confidence: 0.78",,
pdf_prov_4c778a1d,"Kiswahili: Mbuzi yeyote hukubalika kama mahari, lakini asiwe na dosari.","[NEEDS EXPERT TRANSLATION: Kiswahili: Mbuzi yeyote hukubalika kama mahari, lakini asiwe na dosari.]",[NEEDS CULTURAL ANALYSIS: Proverb related to general_wisdom. Expert interpretation required for cultural meaning.],general_wisdom,General cultural proverb - low domain relevance,extracted_from_pdf,complex,unknown,pdf_extraction,unknown,extracted,"Kiswahili: Mbuzi yeyote hukubalika kama mahari, lakini asiwe na dosari.","Extracted from page 30, confidence: 0.48",,
pdf_prov_45c1caf6,"by wealth but, can only be symbolized by presentation of gifts. That is why","[NEEDS EXPERT TRANSLATION: by wealth but, can only be symbolized by presentation of gifts. That is why]",[NEEDS CULTURAL ANALYSIS: Proverb related to general_wisdom. Expert interpretation required for cultural meaning.],general_wisdom,General cultural proverb - low domain relevance,extracted_from_pdf,complex,unknown,pdf_extraction,unknown,extracted,"by wealth but, can only be symbolized by presentation of gifts. That is why","Extracted from page 30, confidence: 0.61",,
pdf_prov_d1c08d47,Kiswahili: Hakuna kijana ambaye huwa maskini.,[NEEDS EXPERT TRANSLATION: Kiswahili: Hakuna kijana ambaye huwa maskini.],[NEEDS CULTURAL ANALYSIS: Proverb related to general_wisdom. Expert interpretation required for cultural meaning.],general_wisdom,General cultural proverb - low domain relevance,extracted_from_pdf,moderate,unknown,pdf_extraction,unknown,extracted,Kiswahili: Hakuna kijana ambaye huwa maskini.,"Extracted from page 31, confidence: 0.42",,
pdf_prov_05d6f946,Teaching: It teaches that young people have a great chance to make their lives stable,[NEEDS EXPERT TRANSLATION: Teaching: It teaches that young people have a great chance to make their lives stable],[NEEDS CULTURAL ANALYSIS: Proverb related to general_wisdom. Expert interpretation required for cultural meaning.],general_wisdom,General cultural proverb - low domain relevance,extracted_from_pdf,complex,unknown,pdf_extraction,unknown,extracted,Teaching: It teaches that young people have a great chance to make their lives stable,"Extracted from page 31, confidence: 0.67",,
pdf_prov_580c5251,"and complete, not lacking anything.""","[NEEDS EXPERT TRANSLATION: and complete, not lacking anything.""]",[NEEDS CULTURAL ANALYSIS: Proverb related to general_wisdom. Expert interpretation required for cultural meaning.],general_wisdom,General cultural proverb - low domain relevance,extracted_from_pdf,moderate,unknown,pdf_extraction,unknown,extracted,"and complete, not lacking anything.""","Extracted from page 31, confidence: 0.41",,
pdf_prov_856aa4ac,17. Gutiri uthuire tiga akiaga. (Ba 131) W,[NEEDS EXPERT TRANSLATION: 17. Gutiri uthuire tiga akiaga. (Ba 131) W],[NEEDS CULTURAL ANALYSIS: Proverb related to general_wisdom. Expert interpretation required for cultural meaning.],general_wisdom,General cultural proverb - low domain relevance,extracted_from_pdf,moderate,unknown,pdf_extraction,unknown,extracted,17. Gutiri uthuire tiga akiaga. (Ba 131) W,"Extracted from page 32, confidence: 0.61",,
pdf_prov_70640db9,"Kiswahili: Aliye maskini sio kwa sababu ameikataa mali, bali kwa sababu hana chake.","[NEEDS EXPERT TRANSLATION: Kiswahili: Aliye maskini sio kwa sababu ameikataa mali, bali kwa sababu hana chake.]",[NEEDS CULTURAL ANALYSIS: Proverb related to general_wisdom. Expert interpretation required for cultural meaning.],general_wisdom,General cultural proverb - low domain relevance,extracted_from_pdf,complex,unknown,pdf_extraction,unknown,extracted,"Kiswahili: Aliye maskini sio kwa sababu ameikataa mali, bali kwa sababu hana chake.","Extracted from page 32, confidence: 0.83",,
pdf_prov_535a8ebd,"Teaching: A poor man should not be despised, but understood and assisted to change his","[NEEDS EXPERT TRANSLATION: Teaching: A poor man should not be despised, but understood and assisted to change his]",[NEEDS CULTURAL ANALYSIS: Proverb related to general_wisdom. Expert interpretation required for cultural meaning.],general_wisdom,General cultural proverb - low domain relevance,extracted_from_pdf,complex,unknown,pdf_extraction,unknown,extracted,"Teaching: A poor man should not be despised, but understood and assisted to change his","Extracted from page 32, confidence: 0.67",,
pdf_prov_9a074259,"Bible parallel: 1 Corinthians 15:58 “Therefore, my dear brothers and sisters, stand","[NEEDS EXPERT TRANSLATION: Bible parallel: 1 Corinthians 15:58 “Therefore, my dear brothers and sisters, stand]",[NEEDS CULTURAL ANALYSIS: Proverb related to general_wisdom. Expert interpretation required for cultural meaning.],general_wisdom,General cultural proverb - low domain relevance,extracted_from_pdf,complex,unknown,pdf_extraction,unknown,extracted,"Bible parallel: 1 Corinthians 15:58 “Therefore, my dear brothers and sisters, stand","Extracted from page 32, confidence: 0.61",,
pdf_prov_b54500a1,18. Guthiina ti kuriita (GJW G 80) W,[NEEDS EXPERT TRANSLATION: 18. Guthiina ti kuriita (GJW G 80) W],[NEEDS CULTURAL ANALYSIS: Proverb related to general_wisdom. Expert interpretation required for cultural meaning.],general_wisdom,General cultural proverb - low domain relevance,extracted_from_pdf,moderate,unknown,pdf_extraction,unknown,extracted,18. Guthiina ti kuriita (GJW G 80) W,"Extracted from page 33, confidence: 0.67",,
pdf_prov_4f2aec49,Meaning: “People take different roads seeking fulfillment and happiness. Just because,[NEEDS EXPERT TRANSLATION: Meaning: “People take different roads seeking fulfillment and happiness. Just because],[NEEDS CULTURAL ANALYSIS: Proverb related to general_wisdom. Expert interpretation required for cultural meaning.],general_wisdom,General cultural proverb - low domain relevance,extracted_from_pdf,complex,unknown,pdf_extraction,unknown,extracted,Meaning: “People take different roads seeking fulfillment and happiness. Just because,"Extracted from page 33, confidence: 0.61",,
pdf_prov_5bfdef08,"foolish. One could have wisdom, but lack material wealth.","[NEEDS EXPERT TRANSLATION: foolish. One could have wisdom, but lack material wealth.]",[NEEDS CULTURAL ANALYSIS: Proverb related to general_wisdom. Expert interpretation required for cultural meaning.],general_wisdom,General cultural proverb - low domain relevance,extracted_from_pdf,complex,unknown,pdf_extraction,unknown,extracted,"foolish. One could have wisdom, but lack material wealth.","Extracted from page 33, confidence: 0.61",,
pdf_prov_4b65fdd4,"he that is perverse in his ways, though he be rich.”","[NEEDS EXPERT TRANSLATION: he that is perverse in his ways, though he be rich.”]",[NEEDS CULTURAL ANALYSIS: Proverb related to general_wisdom. Expert interpretation required for cultural meaning.],general_wisdom,General cultural proverb - low domain relevance,extracted_from_pdf,complex,unknown,pdf_extraction,unknown,extracted,"he that is perverse in his ways, though he be rich.”","Extracted from page 33, confidence: 0.41",,
pdf_prov_5302e27a,Kiswahili: Fadhila ni bora zaidi ya utajiri.,[NEEDS EXPERT TRANSLATION: Kiswahili: Fadhila ni bora zaidi ya utajiri.],[NEEDS CULTURAL ANALYSIS: Proverb related to general_wisdom. Expert interpretation required for cultural meaning.],general_wisdom,General cultural proverb - low domain relevance,extracted_from_pdf,moderate,unknown,pdf_extraction,unknown,extracted,Kiswahili: Fadhila ni bora zaidi ya utajiri.,"Extracted from page 34, confidence: 0.67",,
pdf_prov_d184d354,"20. Gutiri mbura itari gitonga kiayo. (GJW G 99, Ba 102, KW vol.1 pg 313) MW","[NEEDS EXPERT TRANSLATION: 20. Gutiri mbura itari gitonga kiayo. (GJW G 99, Ba 102, KW vol.1 pg 313) MW]",[NEEDS CULTURAL ANALYSIS: Proverb related to general_wisdom. Expert interpretation required for cultural meaning.],general_wisdom,General cultural proverb - low domain relevance,extracted_from_pdf,complex,unknown,pdf_extraction,unknown,extracted,"20. Gutiri mbura itari gitonga kiayo. (GJW G 99, Ba 102, KW vol.1 pg 313) MW","Extracted from page 35, confidence: 0.61",,
pdf_prov_e0a459a6,Kiswahili: Hakuna mvua bila tajiri wake.,[NEEDS EXPERT TRANSLATION: Kiswahili: Hakuna mvua bila tajiri wake.],[NEEDS CULTURAL ANALYSIS: Proverb related to general_wisdom. Expert interpretation required for cultural meaning.],general_wisdom,General cultural proverb - low domain relevance,extracted_from_pdf,moderate,unknown,pdf_extraction,unknown,extracted,Kiswahili: Hakuna mvua bila tajiri wake.,"Extracted from page 35, confidence: 0.72",,
pdf_prov_c09a0de2,21. Gutiri ngia itari muthenya wayo. (GJW G 117) WM,[NEEDS EXPERT TRANSLATION: 21. Gutiri ngia itari muthenya wayo. (GJW G 117) WM],[NEEDS CULTURAL ANALYSIS: Proverb related to general_wisdom. Expert interpretation required for cultural meaning.],general_wisdom,General cultural proverb - low domain relevance,extracted_from_pdf,complex,unknown,pdf_extraction,unknown,extracted,21. Gutiri ngia itari muthenya wayo. (GJW G 117) WM,"Extracted from page 36, confidence: 0.67",,
pdf_prov_dd48f5d3,Kiswahili: Kila fukara ana siku yake.,[NEEDS EXPERT TRANSLATION: Kiswahili: Kila fukara ana siku yake.],[NEEDS CULTURAL ANALYSIS: Proverb related to general_wisdom. Expert interpretation required for cultural meaning.],general_wisdom,General cultural proverb - low domain relevance,extracted_from_pdf,moderate,unknown,pdf_extraction,unknown,extracted,Kiswahili: Kila fukara ana siku yake.,"Extracted from page 36, confidence: 0.42",,
pdf_prov_b606c4ac,"Meaning: No situation is permanent. ""That some achieve great success, is proof to all","[NEEDS EXPERT TRANSLATION: Meaning: No situation is permanent. ""That some achieve great success, is proof to all]",[NEEDS CULTURAL ANALYSIS: Proverb related to general_wisdom. Expert interpretation required for cultural meaning.],general_wisdom,General cultural proverb - low domain relevance,extracted_from_pdf,complex,unknown,pdf_extraction,unknown,extracted,"Meaning: No situation is permanent. ""That some achieve great success, is proof to all","Extracted from page 36, confidence: 0.42",,
pdf_prov_c8c64108,foundations of the earth are the LORD's; on them he has set the world.”,[NEEDS EXPERT TRANSLATION: foundations of the earth are the LORD's; on them he has set the world.”],[NEEDS CULTURAL ANALYSIS: Proverb related to general_wisdom. Expert interpretation required for cultural meaning.],general_wisdom,General cultural proverb - low domain relevance,extracted_from_pdf,complex,unknown,pdf_extraction,unknown,extracted,foundations of the earth are the LORD's; on them he has set the world.”,"Extracted from page 37, confidence: 0.41",,
pdf_prov_a2916fd1,"English: Nobody grumbles at being rich, only at being poor.","[NEEDS EXPERT TRANSLATION: English: Nobody grumbles at being rich, only at being poor.]",[NEEDS CULTURAL ANALYSIS: Proverb related to general_wisdom. Expert interpretation required for cultural meaning.],general_wisdom,General cultural proverb - low domain relevance,extracted_from_pdf,complex,unknown,pdf_extraction,unknown,extracted,"English: Nobody grumbles at being rich, only at being poor.","Extracted from page 39, confidence: 0.61",,
pdf_prov_e1848e6f,"Kiswahili: Hakuna anayeteta kwa sababu ya utajiri, ila kwa ufukara.","[NEEDS EXPERT TRANSLATION: Kiswahili: Hakuna anayeteta kwa sababu ya utajiri, ila kwa ufukara.]",[NEEDS CULTURAL ANALYSIS: Proverb related to general_wisdom. Expert interpretation required for cultural meaning.],general_wisdom,General cultural proverb - low domain relevance,extracted_from_pdf,complex,unknown,pdf_extraction,unknown,extracted,"Kiswahili: Hakuna anayeteta kwa sababu ya utajiri, ila kwa ufukara.","Extracted from page 39, confidence: 0.78",,
pdf_prov_0962b222,"property and wealth. However, when one lacks they complain and are unhappy.","[NEEDS EXPERT TRANSLATION: property and wealth. However, when one lacks they complain and are unhappy.]",[NEEDS CULTURAL ANALYSIS: Proverb related to general_wisdom. Expert interpretation required for cultural meaning.],general_wisdom,General cultural proverb - low domain relevance,extracted_from_pdf,complex,unknown,pdf_extraction,unknown,extracted,"property and wealth. However, when one lacks they complain and are unhappy.","Extracted from page 39, confidence: 0.56",,
pdf_prov_2fd7ec7b,"content in whatever circumstances I am. I know how to get along with humble means,","[NEEDS EXPERT TRANSLATION: content in whatever circumstances I am. I know how to get along with humble means,]",[NEEDS CULTURAL ANALYSIS: Proverb related to general_wisdom. Expert interpretation required for cultural meaning.],general_wisdom,General cultural proverb - low domain relevance,extracted_from_pdf,complex,unknown,pdf_extraction,unknown,extracted,"content in whatever circumstances I am. I know how to get along with humble means,","Extracted from page 39, confidence: 0.67",,
pdf_prov_ed55e9fe,and I also know how to live in prosperity; in any and every circumstance I have learned,[NEEDS EXPERT TRANSLATION: and I also know how to live in prosperity; in any and every circumstance I have learned],[NEEDS CULTURAL ANALYSIS: Proverb related to general_wisdom. Expert interpretation required for cultural meaning.],general_wisdom,General cultural proverb - low domain relevance,extracted_from_pdf,complex,unknown,pdf_extraction,unknown,extracted,and I also know how to live in prosperity; in any and every circumstance I have learned,"Extracted from page 39, confidence: 0.67",,
pdf_prov_8a784295,"the secret of being filled and going hungry, both of having abundance and suffering","[NEEDS EXPERT TRANSLATION: the secret of being filled and going hungry, both of having abundance and suffering]",[NEEDS CULTURAL ANALYSIS: Proverb related to general_wisdom. Expert interpretation required for cultural meaning.],general_wisdom,General cultural proverb - low domain relevance,extracted_from_pdf,complex,unknown,pdf_extraction,unknown,extracted,"the secret of being filled and going hungry, both of having abundance and suffering","Extracted from page 39, confidence: 0.41",,
pdf_prov_499e88e7,23. Gwa gitonga gucokagirirwo ni mambura. (KW vol.1 pg 314) W,[NEEDS EXPERT TRANSLATION: 23. Gwa gitonga gucokagirirwo ni mambura. (KW vol.1 pg 314) W],[NEEDS CULTURAL ANALYSIS: Proverb related to general_wisdom. Expert interpretation required for cultural meaning.],general_wisdom,General cultural proverb - low domain relevance,extracted_from_pdf,complex,unknown,pdf_extraction,unknown,extracted,23. Gwa gitonga gucokagirirwo ni mambura. (KW vol.1 pg 314) W,"Extracted from page 40, confidence: 0.42",,
pdf_prov_3ea8cc08,Kiswahili: Boma ya tajiri hutembelewa wakati wa sherehe ( sana kwa mazishi).,[NEEDS EXPERT TRANSLATION: Kiswahili: Boma ya tajiri hutembelewa wakati wa sherehe ( sana kwa mazishi).],[NEEDS CULTURAL ANALYSIS: Proverb related to general_wisdom. Expert interpretation required for cultural meaning.],general_wisdom,General cultural proverb - low domain relevance,extracted_from_pdf,complex,unknown,pdf_extraction,unknown,extracted,Kiswahili: Boma ya tajiri hutembelewa wakati wa sherehe ( sana kwa mazishi).,"Extracted from page 40, confidence: 0.83",,
pdf_prov_f496956c,Meaning: Show hospitality to one another without grumbling.,[NEEDS EXPERT TRANSLATION: Meaning: Show hospitality to one another without grumbling.],[NEEDS CULTURAL ANALYSIS: Proverb related to general_wisdom. Expert interpretation required for cultural meaning.],general_wisdom,General cultural proverb - low domain relevance,extracted_from_pdf,moderate,unknown,pdf_extraction,unknown,extracted,Meaning: Show hospitality to one another without grumbling.,"Extracted from page 40, confidence: 0.67",,
pdf_prov_eb202a90,but during a mourning period they frock to bid him farewell and to taste a little of his,[NEEDS EXPERT TRANSLATION: but during a mourning period they frock to bid him farewell and to taste a little of his],[NEEDS CULTURAL ANALYSIS: Proverb related to general_wisdom. Expert interpretation required for cultural meaning.],general_wisdom,General cultural proverb - low domain relevance,extracted_from_pdf,complex,unknown,pdf_extraction,unknown,extracted,but during a mourning period they frock to bid him farewell and to taste a little of his,"Extracted from page 40, confidence: 0.41",,
pdf_prov_b6f55d53,Kiswahili: Kuteta ni kawaida kwa mwanamke mwenye madeni.,[NEEDS EXPERT TRANSLATION: Kiswahili: Kuteta ni kawaida kwa mwanamke mwenye madeni.],[NEEDS CULTURAL ANALYSIS: Proverb related to general_wisdom. Expert interpretation required for cultural meaning.],general_wisdom,General cultural proverb - low domain relevance,extracted_from_pdf,moderate,unknown,pdf_extraction,unknown,extracted,Kiswahili: Kuteta ni kawaida kwa mwanamke mwenye madeni.,"Extracted from page 41, confidence: 0.83",,
pdf_prov_32929bc0,"Meaning: “Strive not to be a success, but rather to be of value.” Albert Einstein","[NEEDS EXPERT TRANSLATION: Meaning: “Strive not to be a success, but rather to be of value.” Albert Einstein]",[NEEDS CULTURAL ANALYSIS: Proverb related to general_wisdom. Expert interpretation required for cultural meaning.],general_wisdom,General cultural proverb - low domain relevance,extracted_from_pdf,complex,unknown,pdf_extraction,unknown,extracted,"Meaning: “Strive not to be a success, but rather to be of value.” Albert Einstein","Extracted from page 42, confidence: 0.61",,
pdf_prov_ec068964,"Bible parallel: Proverbs 24:5 “A wise man is strong, And a man of knowledge increases","[NEEDS EXPERT TRANSLATION: Bible parallel: Proverbs 24:5 “A wise man is strong, And a man of knowledge increases]",[NEEDS CULTURAL ANALYSIS: Proverb related to general_wisdom. Expert interpretation required for cultural meaning.],general_wisdom,General cultural proverb - low domain relevance,extracted_from_pdf,complex,unknown,pdf_extraction,unknown,extracted,"Bible parallel: Proverbs 24:5 “A wise man is strong, And a man of knowledge increases","Extracted from page 42, confidence: 0.67",,
pdf_prov_49d9e473,"Deuteronomy 8:17-18 “ You may say to yourself, “My power and the strength of my","[NEEDS EXPERT TRANSLATION: Deuteronomy 8:17-18 “ You may say to yourself, “My power and the strength of my]",[NEEDS CULTURAL ANALYSIS: Proverb related to general_wisdom. Expert interpretation required for cultural meaning.],general_wisdom,General cultural proverb - low domain relevance,extracted_from_pdf,complex,unknown,pdf_extraction,unknown,extracted,"Deuteronomy 8:17-18 “ You may say to yourself, “My power and the strength of my","Extracted from page 42, confidence: 0.67",,
pdf_prov_8b15ab71,26. Indo ciene inoragia mundu itina rimwe. W,[NEEDS EXPERT TRANSLATION: 26. Indo ciene inoragia mundu itina rimwe. W],[NEEDS CULTURAL ANALYSIS: Proverb related to general_wisdom. Expert interpretation required for cultural meaning.],general_wisdom,General cultural proverb - low domain relevance,extracted_from_pdf,moderate,unknown,pdf_extraction,unknown,extracted,26. Indo ciene inoragia mundu itina rimwe. W,"Extracted from page 44, confidence: 0.42",,
pdf_prov_f3cd6c2a,Kiswahili: Mali ya wingine hunonesha tako moja.,[NEEDS EXPERT TRANSLATION: Kiswahili: Mali ya wingine hunonesha tako moja.],[NEEDS CULTURAL ANALYSIS: Proverb related to general_wisdom. Expert interpretation required for cultural meaning.],general_wisdom,General cultural proverb - low domain relevance,extracted_from_pdf,moderate,unknown,pdf_extraction,unknown,extracted,Kiswahili: Mali ya wingine hunonesha tako moja.,"Extracted from page 44, confidence: 0.78",,
pdf_prov_d8adb22b,Kiswahili: Mali ya kuibwa huleta mikosi.,[NEEDS EXPERT TRANSLATION: Kiswahili: Mali ya kuibwa huleta mikosi.],[NEEDS CULTURAL ANALYSIS: Proverb related to general_wisdom. Expert interpretation required for cultural meaning.],general_wisdom,General cultural proverb - low domain relevance,extracted_from_pdf,moderate,unknown,pdf_extraction,unknown,extracted,Kiswahili: Mali ya kuibwa huleta mikosi.,"Extracted from page 45, confidence: 0.72",,
pdf_prov_565373e4,Teaching: It teaches that it is wrong to obtain other people’s property fraudulently.,[NEEDS EXPERT TRANSLATION: Teaching: It teaches that it is wrong to obtain other people’s property fraudulently.],[NEEDS CULTURAL ANALYSIS: Proverb related to general_wisdom. Expert interpretation required for cultural meaning.],general_wisdom,General cultural proverb - low domain relevance,extracted_from_pdf,complex,unknown,pdf_extraction,unknown,extracted,Teaching: It teaches that it is wrong to obtain other people’s property fraudulently.,"Extracted from page 45, confidence: 0.61",,
pdf_prov_71e94ba4,Bible parallel: 1 Timothy 6:9 ”Those who want to get rich fall into temptation and a,[NEEDS EXPERT TRANSLATION: Bible parallel: 1 Timothy 6:9 ”Those who want to get rich fall into temptation and a],[NEEDS CULTURAL ANALYSIS: Proverb related to general_wisdom. Expert interpretation required for cultural meaning.],general_wisdom,General cultural proverb - low domain relevance,extracted_from_pdf,complex,unknown,pdf_extraction,unknown,extracted,Bible parallel: 1 Timothy 6:9 ”Those who want to get rich fall into temptation and a,"Extracted from page 45, confidence: 0.67",,
pdf_prov_3bca93c1,Kiswahili: Usishangae utakapo ona yatakayo kujia kwa sababu ya kusumbua mali ya,[NEEDS EXPERT TRANSLATION: Kiswahili: Usishangae utakapo ona yatakayo kujia kwa sababu ya kusumbua mali ya],[NEEDS CULTURAL ANALYSIS: Proverb related to general_wisdom. Expert interpretation required for cultural meaning.],general_wisdom,General cultural proverb - low domain relevance,extracted_from_pdf,complex,unknown,pdf_extraction,unknown,extracted,Kiswahili: Usishangae utakapo ona yatakayo kujia kwa sababu ya kusumbua mali ya,"Extracted from page 46, confidence: 0.83",,
pdf_prov_52223b9b,"and disputes about the Law, for they are unprofitable and worthless. Reject a factious","[NEEDS EXPERT TRANSLATION: and disputes about the Law, for they are unprofitable and worthless. Reject a factious]",[NEEDS CULTURAL ANALYSIS: Proverb related to general_wisdom. Expert interpretation required for cultural meaning.],general_wisdom,General cultural proverb - low domain relevance,extracted_from_pdf,complex,unknown,pdf_extraction,unknown,extracted,"and disputes about the Law, for they are unprofitable and worthless. Reject a factious","Extracted from page 46, confidence: 0.61",,
pdf_prov_bbffcf04,"man after a first and second warning, knowing that such a man is perverted and is","[NEEDS EXPERT TRANSLATION: man after a first and second warning, knowing that such a man is perverted and is]",[NEEDS CULTURAL ANALYSIS: Proverb related to general_wisdom. Expert interpretation required for cultural meaning.],general_wisdom,General cultural proverb - low domain relevance,extracted_from_pdf,complex,unknown,pdf_extraction,unknown,extracted,"man after a first and second warning, knowing that such a man is perverted and is","Extracted from page 46, confidence: 0.52",,
pdf_prov_6c67486e,Kiswahili: Utajiri hupatikana kwa kulimia pamoja.,[NEEDS EXPERT TRANSLATION: Kiswahili: Utajiri hupatikana kwa kulimia pamoja.],[NEEDS CULTURAL ANALYSIS: Proverb related to general_wisdom. Expert interpretation required for cultural meaning.],general_wisdom,General cultural proverb - low domain relevance,extracted_from_pdf,moderate,unknown,pdf_extraction,unknown,extracted,Kiswahili: Utajiri hupatikana kwa kulimia pamoja.,"Extracted from page 47, confidence: 0.83",,
pdf_prov_3507efc6,"return for their labor: If either of them falls down, one can help the other up. But pity","[NEEDS EXPERT TRANSLATION: return for their labor: If either of them falls down, one can help the other up. But pity]",[NEEDS CULTURAL ANALYSIS: Proverb related to general_wisdom. Expert interpretation required for cultural meaning.],general_wisdom,General cultural proverb - low domain relevance,extracted_from_pdf,complex,unknown,pdf_extraction,unknown,extracted,"return for their labor: If either of them falls down, one can help the other up. But pity","Extracted from page 47, confidence: 0.61",,
pdf_prov_70122e4d,"Meaning: “If your cornfield is far from your house, the birds will eat your corn”- Congo","[NEEDS EXPERT TRANSLATION: Meaning: “If your cornfield is far from your house, the birds will eat your corn”- Congo]",[NEEDS CULTURAL ANALYSIS: Proverb related to general_wisdom. Expert interpretation required for cultural meaning.],general_wisdom,General cultural proverb - low domain relevance,extracted_from_pdf,complex,unknown,pdf_extraction,unknown,extracted,"Meaning: “If your cornfield is far from your house, the birds will eat your corn”- Congo","Extracted from page 48, confidence: 0.56",,
pdf_prov_14b7a717,Teaching: It teaches that the wealth and money of a family should always be managed,[NEEDS EXPERT TRANSLATION: Teaching: It teaches that the wealth and money of a family should always be managed],[NEEDS CULTURAL ANALYSIS: Proverb related to general_wisdom. Expert interpretation required for cultural meaning.],general_wisdom,General cultural proverb - low domain relevance,extracted_from_pdf,complex,unknown,pdf_extraction,unknown,extracted,Teaching: It teaches that the wealth and money of a family should always be managed,"Extracted from page 48, confidence: 0.42",,
pdf_prov_52d7fdc3,"mismanage it, especially if the owner dies.","[NEEDS EXPERT TRANSLATION: mismanage it, especially if the owner dies.]",[NEEDS CULTURAL ANALYSIS: Proverb related to general_wisdom. Expert interpretation required for cultural meaning.],general_wisdom,General cultural proverb - low domain relevance,extracted_from_pdf,moderate,unknown,pdf_extraction,unknown,extracted,"mismanage it, especially if the owner dies.","Extracted from page 48, confidence: 0.47",,
pdf_prov_9bb4f32c,Kiswahili: Tai hushinda kuzunguka kwa uwanja wa tajiri.,[NEEDS EXPERT TRANSLATION: Kiswahili: Tai hushinda kuzunguka kwa uwanja wa tajiri.],[NEEDS CULTURAL ANALYSIS: Proverb related to general_wisdom. Expert interpretation required for cultural meaning.],general_wisdom,General cultural proverb - low domain relevance,extracted_from_pdf,moderate,unknown,pdf_extraction,unknown,extracted,Kiswahili: Tai hushinda kuzunguka kwa uwanja wa tajiri.,"Extracted from page 50, confidence: 0.78",,
pdf_prov_63b52782,Teaching: Needy people always expect to be assisted by those are economically stable.,[NEEDS EXPERT TRANSLATION: Teaching: Needy people always expect to be assisted by those are economically stable.],[NEEDS CULTURAL ANALYSIS: Proverb related to general_wisdom. Expert interpretation required for cultural meaning.],general_wisdom,General cultural proverb - low domain relevance,extracted_from_pdf,complex,unknown,pdf_extraction,unknown,extracted,Teaching: Needy people always expect to be assisted by those are economically stable.,"Extracted from page 50, confidence: 0.72",,
pdf_prov_f147dde7,Generosity is important in a community. This should help one to change their status to,[NEEDS EXPERT TRANSLATION: Generosity is important in a community. This should help one to change their status to],[NEEDS CULTURAL ANALYSIS: Proverb related to general_wisdom. Expert interpretation required for cultural meaning.],general_wisdom,General cultural proverb - low domain relevance,extracted_from_pdf,complex,unknown,pdf_extraction,unknown,extracted,Generosity is important in a community. This should help one to change their status to,"Extracted from page 50, confidence: 0.67",,
pdf_prov_8e9543cf,Kiswahili: Matajiri wawili hawatakiani nia mbaya.,[NEEDS EXPERT TRANSLATION: Kiswahili: Matajiri wawili hawatakiani nia mbaya.],[NEEDS CULTURAL ANALYSIS: Proverb related to general_wisdom. Expert interpretation required for cultural meaning.],general_wisdom,General cultural proverb - low domain relevance,extracted_from_pdf,moderate,unknown,pdf_extraction,unknown,extracted,Kiswahili: Matajiri wawili hawatakiani nia mbaya.,"Extracted from page 52, confidence: 0.72",,
pdf_prov_68df5447,Meaning: Those of the same ilk have some understanding or comradeship. “If you want,[NEEDS EXPERT TRANSLATION: Meaning: Those of the same ilk have some understanding or comradeship. “If you want],[NEEDS CULTURAL ANALYSIS: Proverb related to general_wisdom. Expert interpretation required for cultural meaning.],general_wisdom,General cultural proverb - low domain relevance,extracted_from_pdf,complex,unknown,pdf_extraction,unknown,extracted,Meaning: Those of the same ilk have some understanding or comradeship. “If you want,"Extracted from page 52, confidence: 0.67",,
pdf_prov_0e2ecea4,"Teaching: People of the same ilk have some understanding and comradeship of sorts,","[NEEDS EXPERT TRANSLATION: Teaching: People of the same ilk have some understanding and comradeship of sorts,]",[NEEDS CULTURAL ANALYSIS: Proverb related to general_wisdom. Expert interpretation required for cultural meaning.],general_wisdom,General cultural proverb - low domain relevance,extracted_from_pdf,complex,unknown,pdf_extraction,unknown,extracted,"Teaching: People of the same ilk have some understanding and comradeship of sorts,","Extracted from page 52, confidence: 0.61",,
pdf_prov_8178460c,Kiswahili: Kuwa makini huleta utajiri.,[NEEDS EXPERT TRANSLATION: Kiswahili: Kuwa makini huleta utajiri.],[NEEDS CULTURAL ANALYSIS: Proverb related to general_wisdom. Expert interpretation required for cultural meaning.],general_wisdom,General cultural proverb - low domain relevance,extracted_from_pdf,moderate,unknown,pdf_extraction,unknown,extracted,Kiswahili: Kuwa makini huleta utajiri.,"Extracted from page 54, confidence: 0.72",,
pdf_prov_816da777,"Meaning: “Whether you come from a council estate or a country estate, your success","[NEEDS EXPERT TRANSLATION: Meaning: “Whether you come from a council estate or a country estate, your success]",[NEEDS CULTURAL ANALYSIS: Proverb related to general_wisdom. Expert interpretation required for cultural meaning.],general_wisdom,General cultural proverb - low domain relevance,extracted_from_pdf,complex,unknown,pdf_extraction,unknown,extracted,"Meaning: “Whether you come from a council estate or a country estate, your success","Extracted from page 54, confidence: 0.61",,
pdf_prov_f3455cd1,Bible parallel: Lamentations 3:26 “it is good to wait quietly for the salvation of the,[NEEDS EXPERT TRANSLATION: Bible parallel: Lamentations 3:26 “it is good to wait quietly for the salvation of the],[NEEDS CULTURAL ANALYSIS: Proverb related to general_wisdom. Expert interpretation required for cultural meaning.],general_wisdom,General cultural proverb - low domain relevance,extracted_from_pdf,complex,unknown,pdf_extraction,unknown,extracted,Bible parallel: Lamentations 3:26 “it is good to wait quietly for the salvation of the,"Extracted from page 54, confidence: 0.67",,
pdf_prov_3b4a383e,"imperishable beauty of a gentle and quiet spirit, which in God's sight is very precious”","[NEEDS EXPERT TRANSLATION: imperishable beauty of a gentle and quiet spirit, which in God's sight is very precious”]",[NEEDS CULTURAL ANALYSIS: Proverb related to general_wisdom. Expert interpretation required for cultural meaning.],general_wisdom,General cultural proverb - low domain relevance,extracted_from_pdf,complex,unknown,pdf_extraction,unknown,extracted,"imperishable beauty of a gentle and quiet spirit, which in God's sight is very precious”","Extracted from page 54, confidence: 0.56",,
pdf_prov_f4575967,"34. Kigina gitiinikagwo irio hande itari nguru. (GJW K 77, N 218, Ba 264) MW","[NEEDS EXPERT TRANSLATION: 34. Kigina gitiinikagwo irio hande itari nguru. (GJW K 77, N 218, Ba 264) MW]",[NEEDS CULTURAL ANALYSIS: Proverb related to general_wisdom. Expert interpretation required for cultural meaning.],general_wisdom,General cultural proverb - low domain relevance,extracted_from_pdf,complex,unknown,pdf_extraction,unknown,extracted,"34. Kigina gitiinikagwo irio hande itari nguru. (GJW K 77, N 218, Ba 264) MW","Extracted from page 57, confidence: 0.72",,
pdf_prov_9d9aa87c,Kiswahili: Kibuyu kinachowekwa mbegu hakifai kutolewa mbegu zote kabla ya mazao,[NEEDS EXPERT TRANSLATION: Kiswahili: Kibuyu kinachowekwa mbegu hakifai kutolewa mbegu zote kabla ya mazao],[NEEDS CULTURAL ANALYSIS: Proverb related to general_wisdom. Expert interpretation required for cultural meaning.],general_wisdom,General cultural proverb - low domain relevance,extracted_from_pdf,complex,unknown,pdf_extraction,unknown,extracted,Kiswahili: Kibuyu kinachowekwa mbegu hakifai kutolewa mbegu zote kabla ya mazao,"Extracted from page 57, confidence: 0.48",,
pdf_prov_a2543099,"Meaning: Everything has its time, and that time must be watched.","[NEEDS EXPERT TRANSLATION: Meaning: Everything has its time, and that time must be watched.]",[NEEDS CULTURAL ANALYSIS: Proverb related to general_wisdom. Expert interpretation required for cultural meaning.],general_wisdom,General cultural proverb - low domain relevance,extracted_from_pdf,complex,unknown,pdf_extraction,unknown,extracted,"Meaning: Everything has its time, and that time must be watched.","Extracted from page 57, confidence: 0.61",,
pdf_prov_271297a6,in order to ensure stability and comfort in one’s future days. Wealth/money should be,[NEEDS EXPERT TRANSLATION: in order to ensure stability and comfort in one’s future days. Wealth/money should be],[NEEDS CULTURAL ANALYSIS: Proverb related to general_wisdom. Expert interpretation required for cultural meaning.],general_wisdom,General cultural proverb - low domain relevance,extracted_from_pdf,complex,unknown,pdf_extraction,unknown,extracted,in order to ensure stability and comfort in one’s future days. Wealth/money should be,"Extracted from page 57, confidence: 0.67",,
pdf_prov_d68b7423,Kiswahili: Majadiliano yenye ukweli ni utajiri.,[NEEDS EXPERT TRANSLATION: Kiswahili: Majadiliano yenye ukweli ni utajiri.],[NEEDS CULTURAL ANALYSIS: Proverb related to general_wisdom. Expert interpretation required for cultural meaning.],general_wisdom,General cultural proverb - low domain relevance,extracted_from_pdf,moderate,unknown,pdf_extraction,unknown,extracted,Kiswahili: Majadiliano yenye ukweli ni utajiri.,"Extracted from page 59, confidence: 0.78",,
pdf_prov_5eb13b58,"Kiswahili: Kisicho wezekana kwa pesa, lazima kisuluhishwe kwa njia ingine.","[NEEDS EXPERT TRANSLATION: Kiswahili: Kisicho wezekana kwa pesa, lazima kisuluhishwe kwa njia ingine.]",[NEEDS CULTURAL ANALYSIS: Proverb related to general_wisdom. Expert interpretation required for cultural meaning.],general_wisdom,General cultural proverb - low domain relevance,extracted_from_pdf,complex,unknown,pdf_extraction,unknown,extracted,"Kiswahili: Kisicho wezekana kwa pesa, lazima kisuluhishwe kwa njia ingine.","Extracted from page 60, confidence: 0.83",,
pdf_prov_5fc222b6,it's important to know that only wisdom can save your life.”,[NEEDS EXPERT TRANSLATION: it's important to know that only wisdom can save your life.”],[NEEDS CULTURAL ANALYSIS: Proverb related to general_wisdom. Expert interpretation required for cultural meaning.],general_wisdom,General cultural proverb - low domain relevance,extracted_from_pdf,complex,unknown,pdf_extraction,unknown,extracted,it's important to know that only wisdom can save your life.”,"Extracted from page 60, confidence: 0.47",,
pdf_prov_60c10d59,37. Kuhuuta na kuhuuna ititiganaga. (Ba 310) MW,[NEEDS EXPERT TRANSLATION: 37. Kuhuuta na kuhuuna ititiganaga. (Ba 310) MW],[NEEDS CULTURAL ANALYSIS: Proverb related to general_wisdom. Expert interpretation required for cultural meaning.],general_wisdom,General cultural proverb - low domain relevance,extracted_from_pdf,moderate,unknown,pdf_extraction,unknown,extracted,37. Kuhuuta na kuhuuna ititiganaga. (Ba 310) MW,"Extracted from page 60, confidence: 0.72",,
pdf_prov_f014381e,Teaching: It teaches that one’s position can change; from rich to poor and vice versa.,[NEEDS EXPERT TRANSLATION: Teaching: It teaches that one’s position can change; from rich to poor and vice versa.],[NEEDS CULTURAL ANALYSIS: Proverb related to general_wisdom. Expert interpretation required for cultural meaning.],general_wisdom,General cultural proverb - low domain relevance,extracted_from_pdf,complex,unknown,pdf_extraction,unknown,extracted,Teaching: It teaches that one’s position can change; from rich to poor and vice versa.,"Extracted from page 61, confidence: 0.56",,
pdf_prov_160b2122,One should struggle to maintain a comfortable position in life by taking care of their,[NEEDS EXPERT TRANSLATION: One should struggle to maintain a comfortable position in life by taking care of their],[NEEDS CULTURAL ANALYSIS: Proverb related to general_wisdom. Expert interpretation required for cultural meaning.],general_wisdom,General cultural proverb - low domain relevance,extracted_from_pdf,complex,unknown,pdf_extraction,unknown,extracted,One should struggle to maintain a comfortable position in life by taking care of their,"Extracted from page 61, confidence: 0.67",,
pdf_prov_b66740b2,"not high minded, nor trust in uncertain riches, but on God who richly furnishes us with","[NEEDS EXPERT TRANSLATION: not high minded, nor trust in uncertain riches, but on God who richly furnishes us with]",[NEEDS CULTURAL ANALYSIS: Proverb related to general_wisdom. Expert interpretation required for cultural meaning.],general_wisdom,General cultural proverb - low domain relevance,extracted_from_pdf,complex,unknown,pdf_extraction,unknown,extracted,"not high minded, nor trust in uncertain riches, but on God who richly furnishes us with","Extracted from page 61, confidence: 0.67",,
pdf_prov_2b046295,"38. Kumaatha gutiri hinya ta kuramata. (GJW K 154, Ba 314, N 253) MW","[NEEDS EXPERT TRANSLATION: 38. Kumaatha gutiri hinya ta kuramata. (GJW K 154, Ba 314, N 253) MW]",[NEEDS CULTURAL ANALYSIS: Proverb related to general_wisdom. Expert interpretation required for cultural meaning.],general_wisdom,General cultural proverb - low domain relevance,extracted_from_pdf,complex,unknown,pdf_extraction,unknown,extracted,"38. Kumaatha gutiri hinya ta kuramata. (GJW K 154, Ba 314, N 253) MW","Extracted from page 61, confidence: 0.67",,
pdf_prov_6c409754,Kiswahili: Kupata mali ni rahisi kuliko kuichunga vyema.,[NEEDS EXPERT TRANSLATION: Kiswahili: Kupata mali ni rahisi kuliko kuichunga vyema.],[NEEDS CULTURAL ANALYSIS: Proverb related to general_wisdom. Expert interpretation required for cultural meaning.],general_wisdom,General cultural proverb - low domain relevance,extracted_from_pdf,moderate,unknown,pdf_extraction,unknown,extracted,Kiswahili: Kupata mali ni rahisi kuliko kuichunga vyema.,"Extracted from page 61, confidence: 0.72",,
pdf_prov_2774fc56,"be haughty, nor to set their hopes on the uncertainty of riches, but on God, who richly","[NEEDS EXPERT TRANSLATION: be haughty, nor to set their hopes on the uncertainty of riches, but on God, who richly]",[NEEDS CULTURAL ANALYSIS: Proverb related to general_wisdom. Expert interpretation required for cultural meaning.],general_wisdom,General cultural proverb - low domain relevance,extracted_from_pdf,complex,unknown,pdf_extraction,unknown,extracted,"be haughty, nor to set their hopes on the uncertainty of riches, but on God, who richly","Extracted from page 61, confidence: 0.67",,
pdf_prov_423c2d18,"foundation for the future, so that they may take hold of that which is truly life.”","[NEEDS EXPERT TRANSLATION: foundation for the future, so that they may take hold of that which is truly life.”]",[NEEDS CULTURAL ANALYSIS: Proverb related to general_wisdom. Expert interpretation required for cultural meaning.],general_wisdom,General cultural proverb - low domain relevance,extracted_from_pdf,complex,unknown,pdf_extraction,unknown,extracted,"foundation for the future, so that they may take hold of that which is truly life.”","Extracted from page 61, confidence: 0.58",,
pdf_prov_615afdb8,"39. Kuri mwoni na murata thi. (KW vol.1 pg 315, Ba 324) MW","[NEEDS EXPERT TRANSLATION: 39. Kuri mwoni na murata thi. (KW vol.1 pg 315, Ba 324) MW]",[NEEDS CULTURAL ANALYSIS: Proverb related to general_wisdom. Expert interpretation required for cultural meaning.],general_wisdom,General cultural proverb - low domain relevance,extracted_from_pdf,complex,unknown,pdf_extraction,unknown,extracted,"39. Kuri mwoni na murata thi. (KW vol.1 pg 315, Ba 324) MW","Extracted from page 63, confidence: 0.67",,
pdf_prov_5657da6c,"Kiswahili: Kunaye hupata mali, na anaye ziba juu ya nyufa za mali.","[NEEDS EXPERT TRANSLATION: Kiswahili: Kunaye hupata mali, na anaye ziba juu ya nyufa za mali.]",[NEEDS CULTURAL ANALYSIS: Proverb related to general_wisdom. Expert interpretation required for cultural meaning.],general_wisdom,General cultural proverb - low domain relevance,extracted_from_pdf,complex,unknown,pdf_extraction,unknown,extracted,"Kiswahili: Kunaye hupata mali, na anaye ziba juu ya nyufa za mali.","Extracted from page 63, confidence: 0.78",,
pdf_prov_a898a994,"back to Caesar what is Caesar's, and to God what is God's.""","[NEEDS EXPERT TRANSLATION: back to Caesar what is Caesar's, and to God what is God's.""]",[NEEDS CULTURAL ANALYSIS: Proverb related to general_wisdom. Expert interpretation required for cultural meaning.],general_wisdom,General cultural proverb - low domain relevance,extracted_from_pdf,complex,unknown,pdf_extraction,unknown,extracted,"back to Caesar what is Caesar's, and to God what is God's.""","Extracted from page 64, confidence: 0.56",,
pdf_prov_ba3b8419,Kiswahili: Jamii ya walionazo husema kwamba hawataweza kukosa.,[NEEDS EXPERT TRANSLATION: Kiswahili: Jamii ya walionazo husema kwamba hawataweza kukosa.],[NEEDS CULTURAL ANALYSIS: Proverb related to general_wisdom. Expert interpretation required for cultural meaning.],general_wisdom,General cultural proverb - low domain relevance,extracted_from_pdf,moderate,unknown,pdf_extraction,unknown,extracted,Kiswahili: Jamii ya walionazo husema kwamba hawataweza kukosa.,"Extracted from page 65, confidence: 0.78",,
pdf_prov_dcf217b8,"42. Mbeeca itiri mwana kana nyina. (N 300, JGW M 58) M","[NEEDS EXPERT TRANSLATION: 42. Mbeeca itiri mwana kana nyina. (N 300, JGW M 58) M]",[NEEDS CULTURAL ANALYSIS: Proverb related to general_wisdom. Expert interpretation required for cultural meaning.],general_wisdom,General cultural proverb - low domain relevance,extracted_from_pdf,complex,unknown,pdf_extraction,unknown,extracted,"42. Mbeeca itiri mwana kana nyina. (N 300, JGW M 58) M","Extracted from page 67, confidence: 0.78",,
pdf_prov_e485c594,Kiswahili: Pesa haijui mwana au mamake.,[NEEDS EXPERT TRANSLATION: Kiswahili: Pesa haijui mwana au mamake.],[NEEDS CULTURAL ANALYSIS: Proverb related to general_wisdom. Expert interpretation required for cultural meaning.],general_wisdom,General cultural proverb - low domain relevance,extracted_from_pdf,moderate,unknown,pdf_extraction,unknown,extracted,Kiswahili: Pesa haijui mwana au mamake.,"Extracted from page 67, confidence: 0.42",,
pdf_prov_d66951c9,"Teaching: It teaches that when doing business, a person should not show favours to","[NEEDS EXPERT TRANSLATION: Teaching: It teaches that when doing business, a person should not show favours to]",[NEEDS CULTURAL ANALYSIS: Proverb related to general_wisdom. Expert interpretation required for cultural meaning.],general_wisdom,General cultural proverb - low domain relevance,extracted_from_pdf,complex,unknown,pdf_extraction,unknown,extracted,"Teaching: It teaches that when doing business, a person should not show favours to","Extracted from page 67, confidence: 0.61",,
pdf_prov_eb10e9e2,"and should therefore, take everything in stride.","[NEEDS EXPERT TRANSLATION: and should therefore, take everything in stride.]",[NEEDS CULTURAL ANALYSIS: Proverb related to general_wisdom. Expert interpretation required for cultural meaning.],general_wisdom,General cultural proverb - low domain relevance,extracted_from_pdf,moderate,unknown,pdf_extraction,unknown,extracted,"and should therefore, take everything in stride.","Extracted from page 68, confidence: 0.41",,
pdf_prov_365b5c52,"your own understanding; in all your ways submit to him, and he will make your paths","[NEEDS EXPERT TRANSLATION: your own understanding; in all your ways submit to him, and he will make your paths]",[NEEDS CULTURAL ANALYSIS: Proverb related to general_wisdom. Expert interpretation required for cultural meaning.],general_wisdom,General cultural proverb - low domain relevance,extracted_from_pdf,complex,unknown,pdf_extraction,unknown,extracted,"your own understanding; in all your ways submit to him, and he will make your paths","Extracted from page 68, confidence: 0.52",,
pdf_prov_5b80a01c,44. Mugunda ni mugema wa mwene. W,[NEEDS EXPERT TRANSLATION: 44. Mugunda ni mugema wa mwene. W],[NEEDS CULTURAL ANALYSIS: Proverb related to general_wisdom. Expert interpretation required for cultural meaning.],general_wisdom,General cultural proverb - low domain relevance,extracted_from_pdf,moderate,unknown,pdf_extraction,unknown,extracted,44. Mugunda ni mugema wa mwene. W,"Extracted from page 70, confidence: 0.42",,
pdf_prov_575790b3,"Meaning: Always be contented with what we have, because God knows what's best for","[NEEDS EXPERT TRANSLATION: Meaning: Always be contented with what we have, because God knows what's best for]",[NEEDS CULTURAL ANALYSIS: Proverb related to general_wisdom. Expert interpretation required for cultural meaning.],general_wisdom,General cultural proverb - low domain relevance,extracted_from_pdf,complex,unknown,pdf_extraction,unknown,extracted,"Meaning: Always be contented with what we have, because God knows what's best for","Extracted from page 70, confidence: 0.67",,
pdf_prov_7cb5ad40,Teaching: This proverb is an encouragement that a person should take pride in what,[NEEDS EXPERT TRANSLATION: Teaching: This proverb is an encouragement that a person should take pride in what],[NEEDS CULTURAL ANALYSIS: Proverb related to general_wisdom. Expert interpretation required for cultural meaning.],general_wisdom,General cultural proverb - low domain relevance,extracted_from_pdf,complex,unknown,pdf_extraction,unknown,extracted,Teaching: This proverb is an encouragement that a person should take pride in what,"Extracted from page 70, confidence: 0.61",,
pdf_prov_3c8f39d7,"45. Mugunda wene nduinagwo. (Ba 446, GJW M 164) W","[NEEDS EXPERT TRANSLATION: 45. Mugunda wene nduinagwo. (Ba 446, GJW M 164) W]",[NEEDS CULTURAL ANALYSIS: Proverb related to general_wisdom. Expert interpretation required for cultural meaning.],general_wisdom,General cultural proverb - low domain relevance,extracted_from_pdf,complex,unknown,pdf_extraction,unknown,extracted,"45. Mugunda wene NEG-inagwo. (Ba 446, GJW M 164) W","Extracted from page 71, confidence: 0.62",,
pdf_prov_4598d1a8,"people’s riches and imagine they too are like them, while they have nothing themselves.","[NEEDS EXPERT TRANSLATION: people’s riches and imagine they too are like them, while they have nothing themselves.]",[NEEDS CULTURAL ANALYSIS: Proverb related to general_wisdom. Expert interpretation required for cultural meaning.],general_wisdom,General cultural proverb - low domain relevance,extracted_from_pdf,complex,unknown,pdf_extraction,unknown,extracted,"people’s riches and imagine they too are like them, while they have nothing themselves.","Extracted from page 71, confidence: 0.47",,
pdf_prov_4d836e51,"not for men, knowing that from the Lord you will receive the inheritance as your reward.","[NEEDS EXPERT TRANSLATION: not for men, knowing that from the Lord you will receive the inheritance as your reward.]",[NEEDS CULTURAL ANALYSIS: Proverb related to general_wisdom. Expert interpretation required for cultural meaning.],general_wisdom,General cultural proverb - low domain relevance,extracted_from_pdf,complex,unknown,pdf_extraction,unknown,extracted,"not for men, knowing that from the Lord you will receive the inheritance as your reward.","Extracted from page 71, confidence: 0.72",,
pdf_prov_b1983378,46. Mugurira hakuhi nita aheo. (Ba 447) MW,[NEEDS EXPERT TRANSLATION: 46. Mugurira hakuhi nita aheo. (Ba 447) MW],[NEEDS CULTURAL ANALYSIS: Proverb related to general_wisdom. Expert interpretation required for cultural meaning.],general_wisdom,General cultural proverb - low domain relevance,extracted_from_pdf,moderate,unknown,pdf_extraction,unknown,extracted,46. Mugurira hakuhi nita aheo. (Ba 447) MW,"Extracted from page 72, confidence: 0.61",,
pdf_prov_f4bf6008,Kiswahili: Anayenunua kitu karibu ni kama anayepewa bure.,[NEEDS EXPERT TRANSLATION: Kiswahili: Anayenunua kitu karibu ni kama anayepewa bure.],[NEEDS CULTURAL ANALYSIS: Proverb related to general_wisdom. Expert interpretation required for cultural meaning.],general_wisdom,General cultural proverb - low domain relevance,extracted_from_pdf,moderate,unknown,pdf_extraction,unknown,extracted,Kiswahili: Anayenunua kitu karibu ni kama anayepewa bure.,"Extracted from page 72, confidence: 0.53",,
pdf_prov_d529b82b,"Meaning: That is little esteemed, costs little.","[NEEDS EXPERT TRANSLATION: Meaning: That is little esteemed, costs little.]",[NEEDS CULTURAL ANALYSIS: Proverb related to general_wisdom. Expert interpretation required for cultural meaning.],general_wisdom,General cultural proverb - low domain relevance,extracted_from_pdf,moderate,unknown,pdf_extraction,unknown,extracted,"Meaning: That is little esteemed, costs little.","Extracted from page 72, confidence: 0.56",,
pdf_prov_d72e5550,was given to them or fraudulently obtained.,[NEEDS EXPERT TRANSLATION: was given to them or fraudulently obtained.],[NEEDS CULTURAL ANALYSIS: Proverb related to general_wisdom. Expert interpretation required for cultural meaning.],general_wisdom,General cultural proverb - low domain relevance,extracted_from_pdf,moderate,unknown,pdf_extraction,unknown,extracted,was given to them or fraudulently obtained.,"Extracted from page 73, confidence: 0.47",,
pdf_prov_7a6cca9b,Bible parallel: Philippians 3:13 “Not that I have already obtained it or have already,[NEEDS EXPERT TRANSLATION: Bible parallel: Philippians 3:13 “Not that I have already obtained it or have already],[NEEDS CULTURAL ANALYSIS: Proverb related to general_wisdom. Expert interpretation required for cultural meaning.],general_wisdom,General cultural proverb - low domain relevance,extracted_from_pdf,complex,unknown,pdf_extraction,unknown,extracted,Bible parallel: Philippians 3:13 “Not that I have already obtained it or have already,"Extracted from page 73, confidence: 0.67",,
pdf_prov_b0495477,"47. Muhakana na ciake itimuuragira. . (GJW M 171, Ba 450) MW","[NEEDS EXPERT TRANSLATION: 47. Muhakana na ciake itimuuragira. . (GJW M 171, Ba 450) MW]",[NEEDS CULTURAL ANALYSIS: Proverb related to general_wisdom. Expert interpretation required for cultural meaning.],general_wisdom,General cultural proverb - low domain relevance,extracted_from_pdf,complex,unknown,pdf_extraction,unknown,extracted,"47. Muhakana na ciake itimuuragira. . (GJW M 171, Ba 450) MW","Extracted from page 74, confidence: 0.72",,
pdf_prov_7e37cddc,English: He who stands close to his property does not lose it.,[NEEDS EXPERT TRANSLATION: English: He who stands close to his property does not lose it.],[NEEDS CULTURAL ANALYSIS: Proverb related to general_wisdom. Expert interpretation required for cultural meaning.],general_wisdom,General cultural proverb - low domain relevance,extracted_from_pdf,complex,unknown,pdf_extraction,unknown,extracted,English: He who stands close to his property does not lose it.,"Extracted from page 74, confidence: 0.67",,
pdf_prov_77600914,Kiswahili: Anaye simama karibu na mali yake haipotezi.,[NEEDS EXPERT TRANSLATION: Kiswahili: Anaye simama karibu na mali yake haipotezi.],[NEEDS CULTURAL ANALYSIS: Proverb related to general_wisdom. Expert interpretation required for cultural meaning.],general_wisdom,General cultural proverb - low domain relevance,extracted_from_pdf,moderate,unknown,pdf_extraction,unknown,extracted,Kiswahili: Anaye simama karibu na mali yake haipotezi.,"Extracted from page 74, confidence: 0.48",,
pdf_prov_6935dbb5,Meaning: Take care of your own matters.,[NEEDS EXPERT TRANSLATION: Meaning: Take care of your own matters.],[NEEDS CULTURAL ANALYSIS: Proverb related to general_wisdom. Expert interpretation required for cultural meaning.],general_wisdom,General cultural proverb - low domain relevance,extracted_from_pdf,moderate,unknown,pdf_extraction,unknown,extracted,Meaning: Take care of your own matters.,"Extracted from page 74, confidence: 0.67",,
pdf_prov_7fe6348e,"Teaching: It teaches that property/wealth should be managed by its owner, and not","[NEEDS EXPERT TRANSLATION: Teaching: It teaches that property/wealth should be managed by its owner, and not]",[NEEDS CULTURAL ANALYSIS: Proverb related to general_wisdom. Expert interpretation required for cultural meaning.],general_wisdom,General cultural proverb - low domain relevance,extracted_from_pdf,complex,unknown,pdf_extraction,unknown,extracted,"Teaching: It teaches that property/wealth should be managed by its owner, and not","Extracted from page 74, confidence: 0.42",,
pdf_prov_7ae84b27,Proverbs 27:23 “You should take good care of your sheep and goats.”,[NEEDS EXPERT TRANSLATION: Proverbs 27:23 “You should take good care of your sheep and goats.”],[NEEDS CULTURAL ANALYSIS: Proverb related to general_wisdom. Expert interpretation required for cultural meaning.],general_wisdom,General cultural proverb - low domain relevance,extracted_from_pdf,complex,unknown,pdf_extraction,unknown,extracted,Proverbs 27:23 “You should take good care of your sheep and goats.”,"Extracted from page 74, confidence: 0.61",,
pdf_prov_1d10734f,English: The thief cannot keep fit because his stools contain undigested food.,[NEEDS EXPERT TRANSLATION: English: The thief cannot keep fit because his stools contain undigested food.],[NEEDS CULTURAL ANALYSIS: Proverb related to general_wisdom. Expert interpretation required for cultural meaning.],general_wisdom,General cultural proverb - low domain relevance,extracted_from_pdf,complex,unknown,pdf_extraction,unknown,extracted,English: The thief cannot keep fit because his stools contain undigested food.,"Extracted from page 75, confidence: 0.67",,
pdf_prov_ad562258,Kiswahili: Mwizi hana afya bora kwani mavi yake yana chakula ambacho akijasagwa.,[NEEDS EXPERT TRANSLATION: Kiswahili: Mwizi hana afya bora kwani mavi yake yana chakula ambacho akijasagwa.],[NEEDS CULTURAL ANALYSIS: Proverb related to general_wisdom. Expert interpretation required for cultural meaning.],general_wisdom,General cultural proverb - low domain relevance,extracted_from_pdf,complex,unknown,pdf_extraction,unknown,extracted,Kiswahili: Mwizi hana afya bora kwani mavi yake yana chakula ambacho akijasagwa.,"Extracted from page 75, confidence: 0.42",,
pdf_prov_ac5b7e47,"Therefore, it teaches that one should obtain comfort in life by doing what is right and not","[NEEDS EXPERT TRANSLATION: Therefore, it teaches that one should obtain comfort in life by doing what is right and not]",[NEEDS CULTURAL ANALYSIS: Proverb related to general_wisdom. Expert interpretation required for cultural meaning.],general_wisdom,General cultural proverb - low domain relevance,extracted_from_pdf,complex,unknown,pdf_extraction,unknown,extracted,"Therefore, it teaches that one should obtain comfort in life by doing what is right and not","Extracted from page 75, confidence: 0.67",,
pdf_prov_d1557228,"49. Muici uri hunyu arindagira uri maguta. (Ba 471, GJW M 200) W","[NEEDS EXPERT TRANSLATION: 49. Muici uri hunyu arindagira uri maguta. (Ba 471, GJW M 200) W]",[NEEDS CULTURAL ANALYSIS: Proverb related to general_wisdom. Expert interpretation required for cultural meaning.],general_wisdom,General cultural proverb - low domain relevance,extracted_from_pdf,complex,unknown,pdf_extraction,unknown,extracted,"49. Muici uri hunyu arindagira uri maguta. (Ba 471, GJW M 200) W","Extracted from page 76, confidence: 0.72",,
pdf_prov_c50195bc,mafuta (aliye vaa vizuri).,[NEEDS EXPERT TRANSLATION: mafuta (aliye vaa vizuri).],[NEEDS CULTURAL ANALYSIS: Proverb related to general_wisdom. Expert interpretation required for cultural meaning.],general_wisdom,General cultural proverb - low domain relevance,extracted_from_pdf,simple,unknown,pdf_extraction,unknown,extracted,mafuta (aliye vaa vizuri).,"Extracted from page 76, confidence: 0.47",,
pdf_prov_0271ea97,"Teaching: A person who enjoys property/money, which is not his without hiding is soon","[NEEDS EXPERT TRANSLATION: Teaching: A person who enjoys property/money, which is not his without hiding is soon]",[NEEDS CULTURAL ANALYSIS: Proverb related to general_wisdom. Expert interpretation required for cultural meaning.],general_wisdom,General cultural proverb - low domain relevance,extracted_from_pdf,complex,unknown,pdf_extraction,unknown,extracted,"Teaching: A person who enjoys property/money, which is not his without hiding is soon","Extracted from page 76, confidence: 0.61",,
pdf_prov_1320e646,"Bible parallel: Ephesians 5:11 “Take no part in the unfruitful works of darkness, but","[NEEDS EXPERT TRANSLATION: Bible parallel: Ephesians 5:11 “Take no part in the unfruitful works of darkness, but]",[NEEDS CULTURAL ANALYSIS: Proverb related to general_wisdom. Expert interpretation required for cultural meaning.],general_wisdom,General cultural proverb - low domain relevance,extracted_from_pdf,complex,unknown,pdf_extraction,unknown,extracted,"Bible parallel: Ephesians 5:11 “Take no part in the unfruitful works of darkness, but","Extracted from page 76, confidence: 0.67",,
pdf_prov_f8c6d562,"2 Corinthians 11:14 “And no wonder, for even Satan disguises himself as an angel of","[NEEDS EXPERT TRANSLATION: 2 Corinthians 11:14 “And no wonder, for even Satan disguises himself as an angel of]",[NEEDS CULTURAL ANALYSIS: Proverb related to general_wisdom. Expert interpretation required for cultural meaning.],general_wisdom,General cultural proverb - low domain relevance,extracted_from_pdf,complex,unknown,pdf_extraction,unknown,extracted,"2 Corinthians 11:14 “And no wonder, for even Satan disguises himself as an angel of","Extracted from page 76, confidence: 0.67",,
pdf_prov_76b36b66,"50. Muici utari munyiite ni muria gake. (GJW M 201, N 351, Ba 472) MW","[NEEDS EXPERT TRANSLATION: 50. Muici utari munyiite ni muria gake. (GJW M 201, N 351, Ba 472) MW]",[NEEDS CULTURAL ANALYSIS: Proverb related to general_wisdom. Expert interpretation required for cultural meaning.],general_wisdom,General cultural proverb - low domain relevance,extracted_from_pdf,complex,unknown,pdf_extraction,unknown,extracted,"50. Muici utari munyiite ni muria gake. (GJW M 201, N 351, Ba 472) MW","Extracted from page 77, confidence: 0.61",,
pdf_prov_23554645,Kiswahili: Mwizi ambaye hajashikwa ni sawa na mwenye biashara anayetumia pesa,[NEEDS EXPERT TRANSLATION: Kiswahili: Mwizi ambaye hajashikwa ni sawa na mwenye biashara anayetumia pesa],[NEEDS CULTURAL ANALYSIS: Proverb related to general_wisdom. Expert interpretation required for cultural meaning.],general_wisdom,General cultural proverb - low domain relevance,extracted_from_pdf,complex,unknown,pdf_extraction,unknown,extracted,Kiswahili: Mwizi ambaye hajashikwa ni sawa na mwenye biashara anayetumia pesa,"Extracted from page 77, confidence: 0.42",,
pdf_prov_5a6a174a,51. Mukoobi thiiri ndendete kuriha. . (GJW M 240) M,[NEEDS EXPERT TRANSLATION: 51. Mukoobi thiiri ndendete kuriha. . (GJW M 240) M],[NEEDS CULTURAL ANALYSIS: Proverb related to general_wisdom. Expert interpretation required for cultural meaning.],general_wisdom,General cultural proverb - low domain relevance,extracted_from_pdf,complex,unknown,pdf_extraction,unknown,extracted,51. Mukoobi thiiri ndendete kuriha. . (GJW M 240) M,"Extracted from page 79, confidence: 0.46",,
pdf_prov_6e2d08d4,"52. Mundu-muka ndatumagwo thiriini. (GJW M 267, KW vol.1 pg 272) M","[NEEDS EXPERT TRANSLATION: 52. Mundu-muka ndatumagwo thiriini. (GJW M 267, KW vol.1 pg 272) M]",[NEEDS CULTURAL ANALYSIS: Proverb related to general_wisdom. Expert interpretation required for cultural meaning.],general_wisdom,General cultural proverb - low domain relevance,extracted_from_pdf,complex,unknown,pdf_extraction,unknown,extracted,"52. Mundu-muka NEG-tumagwo thiriini. (GJW M 267, KW vol.1 pg 272) M","Extracted from page 80, confidence: 0.53",,
pdf_prov_04c3934b,Kiswahili: Mwanamke hatumwi kuchukua malipo ya deni.,[NEEDS EXPERT TRANSLATION: Kiswahili: Mwanamke hatumwi kuchukua malipo ya deni.],[NEEDS CULTURAL ANALYSIS: Proverb related to general_wisdom. Expert interpretation required for cultural meaning.],general_wisdom,General cultural proverb - low domain relevance,extracted_from_pdf,moderate,unknown,pdf_extraction,unknown,extracted,Kiswahili: Mwanamke hatumwi kuchukua malipo ya deni.,"Extracted from page 80, confidence: 0.48",,
pdf_prov_99327cb7,"― Jane Austen, Pride and Prejudice","[NEEDS EXPERT TRANSLATION: ― Jane Austen, Pride and Prejudice]",[NEEDS CULTURAL ANALYSIS: Proverb related to general_wisdom. Expert interpretation required for cultural meaning.],general_wisdom,General cultural proverb - low domain relevance,extracted_from_pdf,moderate,unknown,pdf_extraction,unknown,extracted,"― Jane Austen, Pride and Prejudice","Extracted from page 80, confidence: 0.56",,
pdf_prov_5b6a5ad0,"your own understanding; in all your ways acknowledge Him, and He shall direct your","[NEEDS EXPERT TRANSLATION: your own understanding; in all your ways acknowledge Him, and He shall direct your]",[NEEDS CULTURAL ANALYSIS: Proverb related to general_wisdom. Expert interpretation required for cultural meaning.],general_wisdom,General cultural proverb - low domain relevance,extracted_from_pdf,complex,unknown,pdf_extraction,unknown,extracted,"your own understanding; in all your ways acknowledge Him, and He shall direct your","Extracted from page 80, confidence: 0.72",,
pdf_prov_ce511eaf,"53. Muriio wa njoohi niuriukagwo, no wa indo nduriukagwo. . (GJW M 341, Ba","[NEEDS EXPERT TRANSLATION: 53. Muriio wa njoohi niuriukagwo, no wa indo nduriukagwo. . (GJW M 341, Ba]",[NEEDS CULTURAL ANALYSIS: Proverb related to general_wisdom. Expert interpretation required for cultural meaning.],general_wisdom,General cultural proverb - low domain relevance,extracted_from_pdf,complex,unknown,pdf_extraction,unknown,extracted,"53. Muriio wa njoohi niuriukagwo, no wa indo NEG-riukagwo. . (GJW M 341, Ba","Extracted from page 82, confidence: 0.68",,
pdf_prov_05ff420d,"English: The drunkenness of beer passes away, but that of wealth does not.","[NEEDS EXPERT TRANSLATION: English: The drunkenness of beer passes away, but that of wealth does not.]",[NEEDS CULTURAL ANALYSIS: Proverb related to general_wisdom. Expert interpretation required for cultural meaning.],general_wisdom,General cultural proverb - low domain relevance,extracted_from_pdf,complex,unknown,pdf_extraction,unknown,extracted,"English: The drunkenness of beer passes away, but that of wealth does not.","Extracted from page 82, confidence: 0.67",,
pdf_prov_914e8e56,"Kiswahili: Ulevi wa pombe huisha, lakini wa utajiri hauishi.","[NEEDS EXPERT TRANSLATION: Kiswahili: Ulevi wa pombe huisha, lakini wa utajiri hauishi.]",[NEEDS CULTURAL ANALYSIS: Proverb related to general_wisdom. Expert interpretation required for cultural meaning.],general_wisdom,General cultural proverb - low domain relevance,extracted_from_pdf,complex,unknown,pdf_extraction,unknown,extracted,"Kiswahili: Ulevi wa pombe huisha, lakini wa utajiri hauishi.","Extracted from page 82, confidence: 0.87",,
pdf_prov_615a4dcc,"word, making it unfruitful.”","[NEEDS EXPERT TRANSLATION: word, making it unfruitful.”]",[NEEDS CULTURAL ANALYSIS: Proverb related to general_wisdom. Expert interpretation required for cultural meaning.],general_wisdom,General cultural proverb - low domain relevance,extracted_from_pdf,simple,unknown,pdf_extraction,unknown,extracted,"word, making it unfruitful.”","Extracted from page 82, confidence: 0.41",,
pdf_prov_3eaad99f,"54. Muthiini niathinukaga, no munyamaari ndathiinukaga. (GJW M 384) MW","[NEEDS EXPERT TRANSLATION: 54. Muthiini niathinukaga, no munyamaari ndathiinukaga. (GJW M 384) MW]",[NEEDS CULTURAL ANALYSIS: Proverb related to general_wisdom. Expert interpretation required for cultural meaning.],general_wisdom,General cultural proverb - low domain relevance,extracted_from_pdf,complex,unknown,pdf_extraction,unknown,extracted,"54. Muthiini niathinukaga, no munyamaari NEG-thiinukaga. (GJW M 384) MW","Extracted from page 83, confidence: 0.78",,
pdf_prov_477ab891,"English: A poor man can overcome poverty, but a man poor at heart can never.","[NEEDS EXPERT TRANSLATION: English: A poor man can overcome poverty, but a man poor at heart can never.]",[NEEDS CULTURAL ANALYSIS: Proverb related to general_wisdom. Expert interpretation required for cultural meaning.],general_wisdom,General cultural proverb - low domain relevance,extracted_from_pdf,complex,unknown,pdf_extraction,unknown,extracted,"English: A poor man can overcome poverty, but a man poor at heart can never.","Extracted from page 83, confidence: 0.61",,
pdf_prov_b02f48e9,"Kiswahili: Maskini anaweza kujitoa kwenye ufukara, lakini aliye maskini rohoni","[NEEDS EXPERT TRANSLATION: Kiswahili: Maskini anaweza kujitoa kwenye ufukara, lakini aliye maskini rohoni]",[NEEDS CULTURAL ANALYSIS: Proverb related to general_wisdom. Expert interpretation required for cultural meaning.],general_wisdom,General cultural proverb - low domain relevance,extracted_from_pdf,complex,unknown,pdf_extraction,unknown,extracted,"Kiswahili: Maskini anaweza kujitoa kwenye ufukara, lakini aliye maskini rohoni","Extracted from page 83, confidence: 0.48",,
pdf_prov_c00edf7d,Teaching: Situations are not permanent and one can change their life for the better so,[NEEDS EXPERT TRANSLATION: Teaching: Situations are not permanent and one can change their life for the better so],[NEEDS CULTURAL ANALYSIS: Proverb related to general_wisdom. Expert interpretation required for cultural meaning.],general_wisdom,General cultural proverb - low domain relevance,extracted_from_pdf,complex,unknown,pdf_extraction,unknown,extracted,Teaching: Situations are not permanent and one can change their life for the better so,"Extracted from page 83, confidence: 0.42",,
pdf_prov_464b18bf,Kiswahili: Anaye sumbuliwa ni utajiri ni afadhali kuliko anaye sumbuliwa ni ufukara.,[NEEDS EXPERT TRANSLATION: Kiswahili: Anaye sumbuliwa ni utajiri ni afadhali kuliko anaye sumbuliwa ni ufukara.],[NEEDS CULTURAL ANALYSIS: Proverb related to general_wisdom. Expert interpretation required for cultural meaning.],general_wisdom,General cultural proverb - low domain relevance,extracted_from_pdf,complex,unknown,pdf_extraction,unknown,extracted,Kiswahili: Anaye sumbuliwa ni utajiri ni afadhali kuliko anaye sumbuliwa ni ufukara.,"Extracted from page 85, confidence: 0.78",,
pdf_prov_21efe02d,Meaning: Retaining a good position anywhere is difficult; just as remaining wealthy.,[NEEDS EXPERT TRANSLATION: Meaning: Retaining a good position anywhere is difficult; just as remaining wealthy.],[NEEDS CULTURAL ANALYSIS: Proverb related to general_wisdom. Expert interpretation required for cultural meaning.],general_wisdom,General cultural proverb - low domain relevance,extracted_from_pdf,complex,unknown,pdf_extraction,unknown,extracted,Meaning: Retaining a good position anywhere is difficult; just as remaining wealthy.,"Extracted from page 85, confidence: 0.67",,
pdf_prov_a7f6952d,Bible parallel: Hebrews 13:5 “Stay away from the love of money; be satisfied with what,[NEEDS EXPERT TRANSLATION: Bible parallel: Hebrews 13:5 “Stay away from the love of money; be satisfied with what],[NEEDS CULTURAL ANALYSIS: Proverb related to general_wisdom. Expert interpretation required for cultural meaning.],general_wisdom,General cultural proverb - low domain relevance,extracted_from_pdf,complex,unknown,pdf_extraction,unknown,extracted,Bible parallel: Hebrews 13:5 “Stay away from the love of money; be satisfied with what,"Extracted from page 85, confidence: 0.67",,
pdf_prov_7adcfed4,Kiswahili: Anayetaka kuwa tajiri huwa na subira.,[NEEDS EXPERT TRANSLATION: Kiswahili: Anayetaka kuwa tajiri huwa na subira.],[NEEDS CULTURAL ANALYSIS: Proverb related to general_wisdom. Expert interpretation required for cultural meaning.],general_wisdom,General cultural proverb - low domain relevance,extracted_from_pdf,moderate,unknown,pdf_extraction,unknown,extracted,Kiswahili: Anayetaka kuwa tajiri huwa na subira.,"Extracted from page 86, confidence: 0.78",,
pdf_prov_05198344,Teaching: It teaches that a person has to take time to acquire wealth. Quick shortcuts to,[NEEDS EXPERT TRANSLATION: Teaching: It teaches that a person has to take time to acquire wealth. Quick shortcuts to],[NEEDS CULTURAL ANALYSIS: Proverb related to general_wisdom. Expert interpretation required for cultural meaning.],general_wisdom,General cultural proverb - low domain relevance,extracted_from_pdf,complex,unknown,pdf_extraction,unknown,extracted,Teaching: It teaches that a person has to take time to acquire wealth. Quick shortcuts to,"Extracted from page 86, confidence: 0.61",,
pdf_prov_599201bf,"57. Mwana ndaheanagwo (Ba 607, GJW 468) W","[NEEDS EXPERT TRANSLATION: 57. Mwana ndaheanagwo (Ba 607, GJW 468) W]",[NEEDS CULTURAL ANALYSIS: Proverb related to general_wisdom. Expert interpretation required for cultural meaning.],general_wisdom,General cultural proverb - low domain relevance,extracted_from_pdf,moderate,unknown,pdf_extraction,unknown,extracted,"57. Mwana NEG-heanagwo (Ba 607, GJW 468) W","Extracted from page 88, confidence: 0.72",,
pdf_prov_6734e58a,Kiswahili: Mwana hapeanwi bila malipo.,[NEEDS EXPERT TRANSLATION: Kiswahili: Mwana hapeanwi bila malipo.],[NEEDS CULTURAL ANALYSIS: Proverb related to general_wisdom. Expert interpretation required for cultural meaning.],general_wisdom,General cultural proverb - low domain relevance,extracted_from_pdf,moderate,unknown,pdf_extraction,unknown,extracted,Kiswahili: Mwana hapeanwi bila malipo.,"Extracted from page 88, confidence: 0.42",,
pdf_prov_8ed75093,"Meaning: No pains, no gains.","[NEEDS EXPERT TRANSLATION: Meaning: No pains, no gains.]",[NEEDS CULTURAL ANALYSIS: Proverb related to general_wisdom. Expert interpretation required for cultural meaning.],general_wisdom,General cultural proverb - low domain relevance,extracted_from_pdf,moderate,unknown,pdf_extraction,unknown,extracted,"Meaning: No pains, no gains.","Extracted from page 88, confidence: 0.61",,
pdf_prov_7b879e92,"season we will reap, if we do not give up”","[NEEDS EXPERT TRANSLATION: season we will reap, if we do not give up”]",[NEEDS CULTURAL ANALYSIS: Proverb related to general_wisdom. Expert interpretation required for cultural meaning.],general_wisdom,General cultural proverb - low domain relevance,extracted_from_pdf,complex,unknown,pdf_extraction,unknown,extracted,"season we will reap, if we do not give up”","Extracted from page 88, confidence: 0.41",,
pdf_prov_52b0735e,"Teaching: It teaches that a male child acquires, sustains and multiplies the family’s","[NEEDS EXPERT TRANSLATION: Teaching: It teaches that a male child acquires, sustains and multiplies the family’s]",[NEEDS CULTURAL ANALYSIS: Proverb related to general_wisdom. Expert interpretation required for cultural meaning.],general_wisdom,General cultural proverb - low domain relevance,extracted_from_pdf,complex,unknown,pdf_extraction,unknown,extracted,"Teaching: It teaches that a male child acquires, sustains and multiplies the family’s","Extracted from page 89, confidence: 0.67",,
pdf_prov_375a7223,expectations which can be quantified in terms of his net worth.,[NEEDS EXPERT TRANSLATION: expectations which can be quantified in terms of his net worth.],[NEEDS CULTURAL ANALYSIS: Proverb related to general_wisdom. Expert interpretation required for cultural meaning.],general_wisdom,General cultural proverb - low domain relevance,extracted_from_pdf,complex,unknown,pdf_extraction,unknown,extracted,expectations which can be quantified in terms of his net worth.,"Extracted from page 89, confidence: 0.41",,
pdf_prov_a245ed82,"Bible parallel: Psalm 127:3 “Behold children are a heritage from the Lord, the fruit of","[NEEDS EXPERT TRANSLATION: Bible parallel: Psalm 127:3 “Behold children are a heritage from the Lord, the fruit of]",[NEEDS CULTURAL ANALYSIS: Proverb related to general_wisdom. Expert interpretation required for cultural meaning.],general_wisdom,General cultural proverb - low domain relevance,extracted_from_pdf,complex,unknown,pdf_extraction,unknown,extracted,"Bible parallel: Psalm 127:3 “Behold children are a heritage from the Lord, the fruit of","Extracted from page 89, confidence: 0.61",,
pdf_prov_fbfbcaf1,"the womb, a reward.”","[NEEDS EXPERT TRANSLATION: the womb, a reward.”]",[NEEDS CULTURAL ANALYSIS: Proverb related to general_wisdom. Expert interpretation required for cultural meaning.],general_wisdom,General cultural proverb - low domain relevance,extracted_from_pdf,simple,unknown,pdf_extraction,unknown,extracted,"the womb, a reward.”","Extracted from page 89, confidence: 0.41",,
pdf_prov_28c02894,59. Mwana wa kahii ti wa kairiitu. (KW vol.1 pg 306) W,[NEEDS EXPERT TRANSLATION: 59. Mwana wa kahii ti wa kairiitu. (KW vol.1 pg 306) W],[NEEDS CULTURAL ANALYSIS: Proverb related to general_wisdom. Expert interpretation required for cultural meaning.],general_wisdom,General cultural proverb - low domain relevance,extracted_from_pdf,complex,unknown,pdf_extraction,unknown,extracted,59. Mwana wa kahii ti wa kairiitu. (KW vol.1 pg 306) W,"Extracted from page 91, confidence: 0.68",,
pdf_prov_1685e07c,"English: A male child, is not a female child.","[NEEDS EXPERT TRANSLATION: English: A male child, is not a female child.]",[NEEDS CULTURAL ANALYSIS: Proverb related to general_wisdom. Expert interpretation required for cultural meaning.],general_wisdom,General cultural proverb - low domain relevance,extracted_from_pdf,complex,unknown,pdf_extraction,unknown,extracted,"English: A male child, is not a female child.","Extracted from page 91, confidence: 0.67",,
pdf_prov_f7d3c767,"Kiswahili: Mtoto wa kiume, si wa kike.","[NEEDS EXPERT TRANSLATION: Kiswahili: Mtoto wa kiume, si wa kike.]",[NEEDS CULTURAL ANALYSIS: Proverb related to general_wisdom. Expert interpretation required for cultural meaning.],general_wisdom,General cultural proverb - low domain relevance,extracted_from_pdf,moderate,unknown,pdf_extraction,unknown,extracted,"Kiswahili: Mtoto wa kiume, si wa kike.","Extracted from page 91, confidence: 0.81",,
pdf_prov_3ff8b2cc,Meaning: A son is believed to be prudent in taking care of property.,[NEEDS EXPERT TRANSLATION: Meaning: A son is believed to be prudent in taking care of property.],[NEEDS CULTURAL ANALYSIS: Proverb related to general_wisdom. Expert interpretation required for cultural meaning.],general_wisdom,General cultural proverb - low domain relevance,extracted_from_pdf,complex,unknown,pdf_extraction,unknown,extracted,Meaning: A son is believed to be prudent in taking care of property.,"Extracted from page 91, confidence: 0.61",,
pdf_prov_95f696da,"Teaching: It teaches that a family has higher expectations in the roles of sons as men,","[NEEDS EXPERT TRANSLATION: Teaching: It teaches that a family has higher expectations in the roles of sons as men,]",[NEEDS CULTURAL ANALYSIS: Proverb related to general_wisdom. Expert interpretation required for cultural meaning.],general_wisdom,General cultural proverb - low domain relevance,extracted_from_pdf,complex,unknown,pdf_extraction,unknown,extracted,"Teaching: It teaches that a family has higher expectations in the roles of sons as men,","Extracted from page 91, confidence: 0.61",,
pdf_prov_6c6594fa,"taken from me. Like a weaver, I have rolled up my life and he has cut me off from the","[NEEDS EXPERT TRANSLATION: taken from me. Like a weaver, I have rolled up my life and he has cut me off from the]",[NEEDS CULTURAL ANALYSIS: Proverb related to general_wisdom. Expert interpretation required for cultural meaning.],general_wisdom,General cultural proverb - low domain relevance,extracted_from_pdf,complex,unknown,pdf_extraction,unknown,extracted,"taken from me. Like a weaver, I have rolled up my life and he has cut me off from the","Extracted from page 93, confidence: 0.61",,
pdf_prov_ef41c681,Kiswahili: Mzee huzikwa na mali yake.,[NEEDS EXPERT TRANSLATION: Kiswahili: Mzee huzikwa na mali yake.],[NEEDS CULTURAL ANALYSIS: Proverb related to general_wisdom. Expert interpretation required for cultural meaning.],general_wisdom,General cultural proverb - low domain relevance,extracted_from_pdf,moderate,unknown,pdf_extraction,unknown,extracted,Kiswahili: Mzee huzikwa na mali yake.,"Extracted from page 94, confidence: 0.42",,
pdf_prov_07842d07,"Meaning: After death of a wealthy man, his riches also diminish.","[NEEDS EXPERT TRANSLATION: Meaning: After death of a wealthy man, his riches also diminish.]",[NEEDS CULTURAL ANALYSIS: Proverb related to general_wisdom. Expert interpretation required for cultural meaning.],general_wisdom,General cultural proverb - low domain relevance,extracted_from_pdf,complex,unknown,pdf_extraction,unknown,extracted,"Meaning: After death of a wealthy man, his riches also diminish.","Extracted from page 94, confidence: 0.61",,
pdf_prov_c39fd706,"they will value and multiply it as he did. Unfortunately, it was squandered.","[NEEDS EXPERT TRANSLATION: they will value and multiply it as he did. Unfortunately, it was squandered.]",[NEEDS CULTURAL ANALYSIS: Proverb related to general_wisdom. Expert interpretation required for cultural meaning.],general_wisdom,General cultural proverb - low domain relevance,extracted_from_pdf,complex,unknown,pdf_extraction,unknown,extracted,"they will value and multiply it as he did. Unfortunately, it was squandered.","Extracted from page 94, confidence: 0.42",,
pdf_prov_2d58daa0,"63. Ndonga imwe ndihingaga iriuko. (GJW N 70, Ba 677, N 488) W","[NEEDS EXPERT TRANSLATION: 63. Ndonga imwe ndihingaga iriuko. (GJW N 70, Ba 677, N 488) W]",[NEEDS CULTURAL ANALYSIS: Proverb related to general_wisdom. Expert interpretation required for cultural meaning.],general_wisdom,General cultural proverb - low domain relevance,extracted_from_pdf,complex,unknown,pdf_extraction,unknown,extracted,"63. Ndonga imwe ndihingaga iriuko. (GJW N 70, Ba 677, N 488) W","Extracted from page 95, confidence: 0.46",,
pdf_prov_49a66560,Kiswahili: Tajiri mmoja hawezi kufunga kivuko.,[NEEDS EXPERT TRANSLATION: Kiswahili: Tajiri mmoja hawezi kufunga kivuko.],[NEEDS CULTURAL ANALYSIS: Proverb related to general_wisdom. Expert interpretation required for cultural meaning.],general_wisdom,General cultural proverb - low domain relevance,extracted_from_pdf,moderate,unknown,pdf_extraction,unknown,extracted,Kiswahili: Tajiri mmoja hawezi kufunga kivuko.,"Extracted from page 95, confidence: 0.67",,
pdf_prov_10b4f54f,"sense of hearing be? If the whole body were an ear, where would the sense of smell be?","[NEEDS EXPERT TRANSLATION: sense of hearing be? If the whole body were an ear, where would the sense of smell be?]",[NEEDS CULTURAL ANALYSIS: Proverb related to general_wisdom. Expert interpretation required for cultural meaning.],general_wisdom,General cultural proverb - low domain relevance,extracted_from_pdf,complex,unknown,pdf_extraction,unknown,extracted,"sense of hearing be? If the whole body were an ear, where would the sense of smell be?","Extracted from page 95, confidence: 0.56",,
pdf_prov_a3fa40e2,"English: An arrogant rich man, is surpassed by a miser.","[NEEDS EXPERT TRANSLATION: English: An arrogant rich man, is surpassed by a miser.]",[NEEDS CULTURAL ANALYSIS: Proverb related to general_wisdom. Expert interpretation required for cultural meaning.],general_wisdom,General cultural proverb - low domain relevance,extracted_from_pdf,complex,unknown,pdf_extraction,unknown,extracted,"English: An arrogant rich man, is surpassed by a miser.","Extracted from page 96, confidence: 0.61",,
pdf_prov_0f167573,Kiswahili: Tajiri mwenye madaha ni mbaya kushinda mwenye uchoyo.,[NEEDS EXPERT TRANSLATION: Kiswahili: Tajiri mwenye madaha ni mbaya kushinda mwenye uchoyo.],[NEEDS CULTURAL ANALYSIS: Proverb related to general_wisdom. Expert interpretation required for cultural meaning.],general_wisdom,General cultural proverb - low domain relevance,extracted_from_pdf,complex,unknown,pdf_extraction,unknown,extracted,Kiswahili: Tajiri mwenye madaha ni mbaya kushinda mwenye uchoyo.,"Extracted from page 96, confidence: 0.78",,
pdf_prov_83c72a9a,"Proverbs 14:21 “It is a sin to despise one's neighbor, but blessed is the one who is kind","[NEEDS EXPERT TRANSLATION: Proverbs 14:21 “It is a sin to despise one's neighbor, but blessed is the one who is kind]",[NEEDS CULTURAL ANALYSIS: Proverb related to general_wisdom. Expert interpretation required for cultural meaning.],general_wisdom,General cultural proverb - low domain relevance,extracted_from_pdf,complex,unknown,pdf_extraction,unknown,extracted,"Proverbs 14:21 “It is a sin to despise one's neighbor, but blessed is the one who is kind","Extracted from page 96, confidence: 0.56",,
pdf_prov_25de297f,"65. Ndugu nyingi ithaatagia muhuko. (Ba 683, GJW N 57. KW vol.1 pg 197) MW","[NEEDS EXPERT TRANSLATION: 65. Ndugu nyingi ithaatagia muhuko. (Ba 683, GJW N 57. KW vol.1 pg 197) MW]",[NEEDS CULTURAL ANALYSIS: Proverb related to general_wisdom. Expert interpretation required for cultural meaning.],general_wisdom,General cultural proverb - low domain relevance,extracted_from_pdf,complex,unknown,pdf_extraction,unknown,extracted,"65. Ndugu nyingi ithaatagia muhuko. (Ba 683, GJW N 57. KW vol.1 pg 197) MW","Extracted from page 97, confidence: 0.67",,
pdf_prov_c3f2033f,English: Many acquaintances deplete the pocket.,[NEEDS EXPERT TRANSLATION: English: Many acquaintances deplete the pocket.],[NEEDS CULTURAL ANALYSIS: Proverb related to general_wisdom. Expert interpretation required for cultural meaning.],general_wisdom,General cultural proverb - low domain relevance,extracted_from_pdf,moderate,unknown,pdf_extraction,unknown,extracted,English: Many acquaintances deplete the pocket.,"Extracted from page 97, confidence: 0.67",,
pdf_prov_208277f5,poor indeed.” ~ Tanzanian proverb,[NEEDS EXPERT TRANSLATION: poor indeed.” ~ Tanzanian proverb],[NEEDS CULTURAL ANALYSIS: Proverb related to general_wisdom. Expert interpretation required for cultural meaning.],general_wisdom,General cultural proverb - low domain relevance,extracted_from_pdf,moderate,unknown,pdf_extraction,unknown,extracted,poor indeed.” ~ Tanzanian proverb,"Extracted from page 97, confidence: 0.61",,
pdf_prov_b59d858e,"not reluctantly or under compulsion, for God loves a cheerful giver.”","[NEEDS EXPERT TRANSLATION: not reluctantly or under compulsion, for God loves a cheerful giver.”]",[NEEDS CULTURAL ANALYSIS: Proverb related to general_wisdom. Expert interpretation required for cultural meaning.],general_wisdom,General cultural proverb - low domain relevance,extracted_from_pdf,complex,unknown,pdf_extraction,unknown,extracted,"not reluctantly or under compulsion, for God loves a cheerful giver.”","Extracted from page 97, confidence: 0.67",,
pdf_prov_045aebe8,66. Ngai ndoonagio nda. (KW vil.1 pg 318) WM,[NEEDS EXPERT TRANSLATION: 66. Ngai ndoonagio nda. (KW vil.1 pg 318) WM],[NEEDS CULTURAL ANALYSIS: Proverb related to general_wisdom. Expert interpretation required for cultural meaning.],general_wisdom,General cultural proverb - low domain relevance,extracted_from_pdf,complex,unknown,pdf_extraction,unknown,extracted,66. Ngai ndoonagio NEG-. (KW vil.1 pg 318) WM,"Extracted from page 98, confidence: 0.57",,
pdf_prov_e5392c86,"Meaning: Do not blow your own trumpet, instead show gratitude to God.","[NEEDS EXPERT TRANSLATION: Meaning: Do not blow your own trumpet, instead show gratitude to God.]",[NEEDS CULTURAL ANALYSIS: Proverb related to general_wisdom. Expert interpretation required for cultural meaning.],general_wisdom,General cultural proverb - low domain relevance,extracted_from_pdf,complex,unknown,pdf_extraction,unknown,extracted,"Meaning: Do not blow your own trumpet, instead show gratitude to God.","Extracted from page 98, confidence: 0.67",,
pdf_prov_f5913a1e,"warns those who take blessings for granted, that all can be taken away just as easily as it","[NEEDS EXPERT TRANSLATION: warns those who take blessings for granted, that all can be taken away just as easily as it]",[NEEDS CULTURAL ANALYSIS: Proverb related to general_wisdom. Expert interpretation required for cultural meaning.],general_wisdom,General cultural proverb - low domain relevance,extracted_from_pdf,complex,unknown,pdf_extraction,unknown,extracted,"warns those who take blessings for granted, that all can be taken away just as easily as it","Extracted from page 98, confidence: 0.47",,
pdf_prov_56184e94,"Bible parallel: Numbers 14 “And the Lord said, I have pardoned according to your","[NEEDS EXPERT TRANSLATION: Bible parallel: Numbers 14 “And the Lord said, I have pardoned according to your]",[NEEDS CULTURAL ANALYSIS: Proverb related to general_wisdom. Expert interpretation required for cultural meaning.],general_wisdom,General cultural proverb - low domain relevance,extracted_from_pdf,complex,unknown,pdf_extraction,unknown,extracted,"Bible parallel: Numbers 14 “And the Lord said, I have pardoned according to your","Extracted from page 98, confidence: 0.56",,
pdf_prov_31f207ee,"67. Ngia itari thiiri ti ngia. (GJW N 124, N 475) W","[NEEDS EXPERT TRANSLATION: 67. Ngia itari thiiri ti ngia. (GJW N 124, N 475) W]",[NEEDS CULTURAL ANALYSIS: Proverb related to general_wisdom. Expert interpretation required for cultural meaning.],general_wisdom,General cultural proverb - low domain relevance,extracted_from_pdf,complex,unknown,pdf_extraction,unknown,extracted,"67. Ngia itari thiiri ti ngia. (GJW N 124, N 475) W","Extracted from page 100, confidence: 0.61",,
pdf_prov_2e7588cb,Kiswahili: Maskini asiye na madeni sio maskini.,[NEEDS EXPERT TRANSLATION: Kiswahili: Maskini asiye na madeni sio maskini.],[NEEDS CULTURAL ANALYSIS: Proverb related to general_wisdom. Expert interpretation required for cultural meaning.],general_wisdom,General cultural proverb - low domain relevance,extracted_from_pdf,moderate,unknown,pdf_extraction,unknown,extracted,Kiswahili: Maskini asiye na madeni sio maskini.,"Extracted from page 100, confidence: 0.42",,
pdf_prov_a5c9863c,Teaching: It teaches that it is acceptable for a person without property or wealth to,[NEEDS EXPERT TRANSLATION: Teaching: It teaches that it is acceptable for a person without property or wealth to],[NEEDS CULTURAL ANALYSIS: Proverb related to general_wisdom. Expert interpretation required for cultural meaning.],general_wisdom,General cultural proverb - low domain relevance,extracted_from_pdf,complex,unknown,pdf_extraction,unknown,extracted,Teaching: It teaches that it is acceptable for a person without property or wealth to,"Extracted from page 100, confidence: 0.61",,
pdf_prov_dbb9a76f,borrow from those who have in order to establish themselves.,[NEEDS EXPERT TRANSLATION: borrow from those who have in order to establish themselves.],[NEEDS CULTURAL ANALYSIS: Proverb related to general_wisdom. Expert interpretation required for cultural meaning.],general_wisdom,General cultural proverb - low domain relevance,extracted_from_pdf,complex,unknown,pdf_extraction,unknown,extracted,borrow from those who have in order to establish themselves.,"Extracted from page 100, confidence: 0.41",,
pdf_prov_9f143464,Kiswahili Masengenyo huunda mikufu ya matajiri.,[NEEDS EXPERT TRANSLATION: Kiswahili Masengenyo huunda mikufu ya matajiri.],[NEEDS CULTURAL ANALYSIS: Proverb related to general_wisdom. Expert interpretation required for cultural meaning.],general_wisdom,General cultural proverb - low domain relevance,extracted_from_pdf,moderate,unknown,pdf_extraction,unknown,extracted,Kiswahili Masengenyo huunda mikufu ya matajiri.,"Extracted from page 101, confidence: 0.78",,
pdf_prov_b9667882,"Teaching This proverb teaches when one is rich, they are prone to being talked about,","[NEEDS EXPERT TRANSLATION: Teaching This proverb teaches when one is rich, they are prone to being talked about,]",[NEEDS CULTURAL ANALYSIS: Proverb related to general_wisdom. Expert interpretation required for cultural meaning.],general_wisdom,General cultural proverb - low domain relevance,extracted_from_pdf,complex,unknown,pdf_extraction,unknown,extracted,"Teaching This proverb teaches when one is rich, they are prone to being talked about,","Extracted from page 101, confidence: 0.61",,
pdf_prov_6549d4cf,"Bible parallel: Proverbs 11:13 “He who goes about as a talebearer reveals secrets, but","[NEEDS EXPERT TRANSLATION: Bible parallel: Proverbs 11:13 “He who goes about as a talebearer reveals secrets, but]",[NEEDS CULTURAL ANALYSIS: Proverb related to general_wisdom. Expert interpretation required for cultural meaning.],general_wisdom,General cultural proverb - low domain relevance,extracted_from_pdf,complex,unknown,pdf_extraction,unknown,extracted,"Bible parallel: Proverbs 11:13 “He who goes about as a talebearer reveals secrets, but","Extracted from page 101, confidence: 0.61",,
pdf_prov_2ccb8985,"English: The sun has no rich people, but only the poor people.","[NEEDS EXPERT TRANSLATION: English: The sun has no rich people, but only the poor people.]",[NEEDS CULTURAL ANALYSIS: Proverb related to general_wisdom. Expert interpretation required for cultural meaning.],general_wisdom,General cultural proverb - low domain relevance,extracted_from_pdf,complex,unknown,pdf_extraction,unknown,extracted,"English: The sun has no rich people, but only the poor people.","Extracted from page 102, confidence: 0.61",,
pdf_prov_c6bf14a9,"Kiswahili: Jua halina matajiri, ni fukara pekee.","[NEEDS EXPERT TRANSLATION: Kiswahili: Jua halina matajiri, ni fukara pekee.]",[NEEDS CULTURAL ANALYSIS: Proverb related to general_wisdom. Expert interpretation required for cultural meaning.],general_wisdom,General cultural proverb - low domain relevance,extracted_from_pdf,moderate,unknown,pdf_extraction,unknown,extracted,"Kiswahili: Jua halina matajiri, ni fukara pekee.","Extracted from page 102, confidence: 0.83",,
pdf_prov_f92ba4f9,peace. In the world you will have tribulation. But take heart; I have overcome the,[NEEDS EXPERT TRANSLATION: peace. In the world you will have tribulation. But take heart; I have overcome the],[NEEDS CULTURAL ANALYSIS: Proverb related to general_wisdom. Expert interpretation required for cultural meaning.],general_wisdom,General cultural proverb - low domain relevance,extracted_from_pdf,complex,unknown,pdf_extraction,unknown,extracted,peace. In the world you will have tribulation. But take heart; I have overcome the,"Extracted from page 102, confidence: 0.61",,
pdf_prov_0e45044e,"are valuable, one way or another.","[NEEDS EXPERT TRANSLATION: are valuable, one way or another.]",[NEEDS CULTURAL ANALYSIS: Proverb related to general_wisdom. Expert interpretation required for cultural meaning.],general_wisdom,General cultural proverb - low domain relevance,extracted_from_pdf,moderate,unknown,pdf_extraction,unknown,extracted,"are valuable, one way or another.","Extracted from page 104, confidence: 0.47",,
pdf_prov_a9525f8f,"of them is forgotten before God. Why, even the hairs of your head are all numbered. Fear","[NEEDS EXPERT TRANSLATION: of them is forgotten before God. Why, even the hairs of your head are all numbered. Fear]",[NEEDS CULTURAL ANALYSIS: Proverb related to general_wisdom. Expert interpretation required for cultural meaning.],general_wisdom,General cultural proverb - low domain relevance,extracted_from_pdf,complex,unknown,pdf_extraction,unknown,extracted,"of them is forgotten before God. Why, even the hairs of your head are all numbered. Fear","Extracted from page 105, confidence: 0.56",,
pdf_prov_484caa53,Kiswahili Ndege wanaokula kupe hazitui katika shamba la maskini.,[NEEDS EXPERT TRANSLATION: Kiswahili Ndege wanaokula kupe hazitui katika shamba la maskini.],[NEEDS CULTURAL ANALYSIS: Proverb related to general_wisdom. Expert interpretation required for cultural meaning.],general_wisdom,General cultural proverb - low domain relevance,extracted_from_pdf,complex,unknown,pdf_extraction,unknown,extracted,Kiswahili Ndege wanaokula kupe hazitui katika shamba la maskini.,"Extracted from page 106, confidence: 0.53",,
pdf_prov_53a84004,"man has nothing to offer in terms of property. In reality, he may offer other non-monetary","[NEEDS EXPERT TRANSLATION: man has nothing to offer in terms of property. In reality, he may offer other non-monetary]",[NEEDS CULTURAL ANALYSIS: Proverb related to general_wisdom. Expert interpretation required for cultural meaning.],general_wisdom,General cultural proverb - low domain relevance,extracted_from_pdf,complex,unknown,pdf_extraction,unknown,extracted,"man has nothing to offer in terms of property. In reality, he may offer other non-monetary","Extracted from page 106, confidence: 0.72",,
pdf_prov_7e60dcf5,"Teaching: Poverty can be removed, if one puts a mind to it. It is not a permanent","[NEEDS EXPERT TRANSLATION: Teaching: Poverty can be removed, if one puts a mind to it. It is not a permanent]",[NEEDS CULTURAL ANALYSIS: Proverb related to general_wisdom. Expert interpretation required for cultural meaning.],general_wisdom,General cultural proverb - low domain relevance,extracted_from_pdf,complex,unknown,pdf_extraction,unknown,extracted,"Teaching: Poverty can be removed, if one puts a mind to it. It is not a permanent","Extracted from page 108, confidence: 0.67",,
pdf_prov_f2fe97fe,those who chase fantasies will have their fill of poverty.”,[NEEDS EXPERT TRANSLATION: those who chase fantasies will have their fill of poverty.”],[NEEDS CULTURAL ANALYSIS: Proverb related to general_wisdom. Expert interpretation required for cultural meaning.],general_wisdom,General cultural proverb - low domain relevance,extracted_from_pdf,complex,unknown,pdf_extraction,unknown,extracted,those who chase fantasies will have their fill of poverty.”,"Extracted from page 108, confidence: 0.41",,
pdf_prov_5dce8f27,"74. Thiiri utarihwo no wa urogi. (GJW T 41, N 563, Ba 847) M","[NEEDS EXPERT TRANSLATION: 74. Thiiri utarihwo no wa urogi. (GJW T 41, N 563, Ba 847) M]",[NEEDS CULTURAL ANALYSIS: Proverb related to general_wisdom. Expert interpretation required for cultural meaning.],general_wisdom,General cultural proverb - low domain relevance,extracted_from_pdf,complex,unknown,pdf_extraction,unknown,extracted,"74. Thiiri utarihwo no wa urogi. (GJW T 41, N 563, Ba 847) M","Extracted from page 109, confidence: 0.72",,
pdf_prov_1ee91398,"Teaching: All crimes can be paid for with a fine, but a crime of bewitching must be met","[NEEDS EXPERT TRANSLATION: Teaching: All crimes can be paid for with a fine, but a crime of bewitching must be met]",[NEEDS CULTURAL ANALYSIS: Proverb related to general_wisdom. Expert interpretation required for cultural meaning.],general_wisdom,General cultural proverb - low domain relevance,extracted_from_pdf,complex,unknown,pdf_extraction,unknown,extracted,"Teaching: All crimes can be paid for with a fine, but a crime of bewitching must be met","Extracted from page 109, confidence: 0.56",,
pdf_prov_66f263c5,"Bible parallel: Mark 11:25 “And whenever you stand praying, forgive, if you have","[NEEDS EXPERT TRANSLATION: Bible parallel: Mark 11:25 “And whenever you stand praying, forgive, if you have]",[NEEDS CULTURAL ANALYSIS: Proverb related to general_wisdom. Expert interpretation required for cultural meaning.],general_wisdom,General cultural proverb - low domain relevance,extracted_from_pdf,complex,unknown,pdf_extraction,unknown,extracted,"Bible parallel: Mark 11:25 “And whenever you stand praying, forgive, if you have","Extracted from page 109, confidence: 0.67",,
pdf_prov_298d620b,"75. Thogora nduri mwana na nyina. (GJW T 58, Ba 852, N 570) M","[NEEDS EXPERT TRANSLATION: 75. Thogora nduri mwana na nyina. (GJW T 58, Ba 852, N 570) M]",[NEEDS CULTURAL ANALYSIS: Proverb related to general_wisdom. Expert interpretation required for cultural meaning.],general_wisdom,General cultural proverb - low domain relevance,extracted_from_pdf,complex,unknown,pdf_extraction,unknown,extracted,"75. Thogora NEG-ri mwana na nyina. (GJW T 58, Ba 852, N 570) M","Extracted from page 109, confidence: 0.42",,
pdf_prov_875106a3,"English: In business bargain, there is no child or mother.","[NEEDS EXPERT TRANSLATION: English: In business bargain, there is no child or mother.]",[NEEDS CULTURAL ANALYSIS: Proverb related to general_wisdom. Expert interpretation required for cultural meaning.],general_wisdom,General cultural proverb - low domain relevance,extracted_from_pdf,complex,unknown,pdf_extraction,unknown,extracted,"English: In business bargain, there is no child or mother.","Extracted from page 109, confidence: 0.61",,
pdf_prov_be22f50c,Kiswahili: Katika majadiliano ya biashara hakuna mtoto na mamake.,[NEEDS EXPERT TRANSLATION: Kiswahili: Katika majadiliano ya biashara hakuna mtoto na mamake.],[NEEDS CULTURAL ANALYSIS: Proverb related to general_wisdom. Expert interpretation required for cultural meaning.],general_wisdom,General cultural proverb - low domain relevance,extracted_from_pdf,complex,unknown,pdf_extraction,unknown,extracted,Kiswahili: Katika majadiliano ya biashara hakuna mtoto na mamake.,"Extracted from page 109, confidence: 0.53",,
pdf_prov_451a6cdd,"will not flourish. “When it is a question of money, everybody is of the same religion.","[NEEDS EXPERT TRANSLATION: will not flourish. “When it is a question of money, everybody is of the same religion.]",[NEEDS CULTURAL ANALYSIS: Proverb related to general_wisdom. Expert interpretation required for cultural meaning.],general_wisdom,General cultural proverb - low domain relevance,extracted_from_pdf,complex,unknown,pdf_extraction,unknown,extracted,"will not flourish. “When it is a question of money, everybody is of the same religion.","Extracted from page 110, confidence: 0.61",,
pdf_prov_1a56b326,"76. Thogora ni mururumo utaruo. (GJW T 59, Ba 851) M","[NEEDS EXPERT TRANSLATION: 76. Thogora ni mururumo utaruo. (GJW T 59, Ba 851) M]",[NEEDS CULTURAL ANALYSIS: Proverb related to general_wisdom. Expert interpretation required for cultural meaning.],general_wisdom,General cultural proverb - low domain relevance,extracted_from_pdf,complex,unknown,pdf_extraction,unknown,extracted,"76. Thogora ni mururumo utaruo. (GJW T 59, Ba 851) M","Extracted from page 111, confidence: 0.61",,
pdf_prov_07092883,(Andu mangiaga kuiguanira thogora matingirua no matigane.),[NEEDS EXPERT TRANSLATION: (Andu mangiaga kuiguanira thogora matingirua no matigane.)],[NEEDS CULTURAL ANALYSIS: Proverb related to general_wisdom. Expert interpretation required for cultural meaning.],general_wisdom,General cultural proverb - low domain relevance,extracted_from_pdf,moderate,unknown,pdf_extraction,unknown,extracted,(Andu mangiaga kuiguanira thogora matingirua no matigane.),"Extracted from page 111, confidence: 0.78",,
pdf_prov_f4b9fa36,Kiswahili: Kuuza na kununua huleta kelele nyingi bila mvutano.,[NEEDS EXPERT TRANSLATION: Kiswahili: Kuuza na kununua huleta kelele nyingi bila mvutano.],[NEEDS CULTURAL ANALYSIS: Proverb related to general_wisdom. Expert interpretation required for cultural meaning.],general_wisdom,General cultural proverb - low domain relevance,extracted_from_pdf,complex,unknown,pdf_extraction,unknown,extracted,Kiswahili: Kuuza na kununua huleta kelele nyingi bila mvutano.,"Extracted from page 111, confidence: 0.78",,
pdf_prov_f5dab354,Kiswahili: Ununuzi na uuzaji uhusiana na macho.,[NEEDS EXPERT TRANSLATION: Kiswahili: Ununuzi na uuzaji uhusiana na macho.],[NEEDS CULTURAL ANALYSIS: Proverb related to general_wisdom. Expert interpretation required for cultural meaning.],general_wisdom,General cultural proverb - low domain relevance,extracted_from_pdf,moderate,unknown,pdf_extraction,unknown,extracted,Kiswahili: Ununuzi na uuzaji uhusiana na macho.,"Extracted from page 112, confidence: 0.42",,
pdf_prov_cd8e9fe9,"Meaning: First impressions matter, but let the buyer beware.","[NEEDS EXPERT TRANSLATION: Meaning: First impressions matter, but let the buyer beware.]",[NEEDS CULTURAL ANALYSIS: Proverb related to general_wisdom. Expert interpretation required for cultural meaning.],general_wisdom,General cultural proverb - low domain relevance,extracted_from_pdf,complex,unknown,pdf_extraction,unknown,extracted,"Meaning: First impressions matter, but let the buyer beware.","Extracted from page 112, confidence: 0.67",,
pdf_prov_6e2a8cbb,Kiswahili: Majadiliano ya biashara huharibiwa na kuongezea mahitaji zaidi.,[NEEDS EXPERT TRANSLATION: Kiswahili: Majadiliano ya biashara huharibiwa na kuongezea mahitaji zaidi.],[NEEDS CULTURAL ANALYSIS: Proverb related to general_wisdom. Expert interpretation required for cultural meaning.],general_wisdom,General cultural proverb - low domain relevance,extracted_from_pdf,complex,unknown,pdf_extraction,unknown,extracted,Kiswahili: Majadiliano ya biashara huharibiwa na kuongezea mahitaji zaidi.,"Extracted from page 112, confidence: 0.83",,
pdf_prov_667edb1f,"Teaching: It teaches that unfortunately, in collective bargaining one party or the other","[NEEDS EXPERT TRANSLATION: Teaching: It teaches that unfortunately, in collective bargaining one party or the other]",[NEEDS CULTURAL ANALYSIS: Proverb related to general_wisdom. Expert interpretation required for cultural meaning.],general_wisdom,General cultural proverb - low domain relevance,extracted_from_pdf,complex,unknown,pdf_extraction,unknown,extracted,"Teaching: It teaches that unfortunately, in collective bargaining one party or the other","Extracted from page 112, confidence: 0.67",,
pdf_prov_55ce228e,"too often tries to gain an advantage - a bargain, like buying something in a store for less","[NEEDS EXPERT TRANSLATION: too often tries to gain an advantage - a bargain, like buying something in a store for less]",[NEEDS CULTURAL ANALYSIS: Proverb related to general_wisdom. Expert interpretation required for cultural meaning.],general_wisdom,General cultural proverb - low domain relevance,extracted_from_pdf,complex,unknown,pdf_extraction,unknown,extracted,"too often tries to gain an advantage - a bargain, like buying something in a store for less","Extracted from page 112, confidence: 0.41",,
pdf_prov_2871a82a,"Bible parallel: Leviticus 25:17 “Do not take advantage of each other, but fear your","[NEEDS EXPERT TRANSLATION: Bible parallel: Leviticus 25:17 “Do not take advantage of each other, but fear your]",[NEEDS CULTURAL ANALYSIS: Proverb related to general_wisdom. Expert interpretation required for cultural meaning.],general_wisdom,General cultural proverb - low domain relevance,extracted_from_pdf,complex,unknown,pdf_extraction,unknown,extracted,"Bible parallel: Leviticus 25:17 “Do not take advantage of each other, but fear your","Extracted from page 113, confidence: 0.67",,
pdf_prov_542b3be1,79. Tiga kwihira uriri wi riikoini. GJW T 85) MW,[NEEDS EXPERT TRANSLATION: 79. Tiga kwihira uriri wi riikoini. GJW T 85) MW],[NEEDS CULTURAL ANALYSIS: Proverb related to general_wisdom. Expert interpretation required for cultural meaning.],general_wisdom,General cultural proverb - low domain relevance,extracted_from_pdf,complex,unknown,pdf_extraction,unknown,extracted,79. Tiga kwihira uriri wi riikoini. GJW T 85) MW,"Extracted from page 113, confidence: 0.61",,
pdf_prov_960c8afe,Kiswahili: Ukiwa maskini usijifananishe na matajiri.,[NEEDS EXPERT TRANSLATION: Kiswahili: Ukiwa maskini usijifananishe na matajiri.],[NEEDS CULTURAL ANALYSIS: Proverb related to general_wisdom. Expert interpretation required for cultural meaning.],general_wisdom,General cultural proverb - low domain relevance,extracted_from_pdf,moderate,unknown,pdf_extraction,unknown,extracted,Kiswahili: Ukiwa maskini usijifananishe na matajiri.,"Extracted from page 113, confidence: 0.78",,
pdf_prov_a3bf9c61,resources can allow. Pretences lead to debts and failure to accept ones status in society.,[NEEDS EXPERT TRANSLATION: resources can allow. Pretences lead to debts and failure to accept ones status in society.],[NEEDS CULTURAL ANALYSIS: Proverb related to general_wisdom. Expert interpretation required for cultural meaning.],general_wisdom,General cultural proverb - low domain relevance,extracted_from_pdf,complex,unknown,pdf_extraction,unknown,extracted,resources can allow. Pretences lead to debts and failure to accept ones status in society.,"Extracted from page 113, confidence: 0.67",,
pdf_prov_2067bfee,"another pretends to be poor, but has great wealth.”","[NEEDS EXPERT TRANSLATION: another pretends to be poor, but has great wealth.”]",[NEEDS CULTURAL ANALYSIS: Proverb related to general_wisdom. Expert interpretation required for cultural meaning.],general_wisdom,General cultural proverb - low domain relevance,extracted_from_pdf,complex,unknown,pdf_extraction,unknown,extracted,"another pretends to be poor, but has great wealth.”","Extracted from page 113, confidence: 0.41",,
pdf_prov_8b008c75,80. Uhunii eetaga uhutii mukoroku. . (KW vol.1 pg 319) MW,[NEEDS EXPERT TRANSLATION: 80. Uhunii eetaga uhutii mukoroku. . (KW vol.1 pg 319) MW],[NEEDS CULTURAL ANALYSIS: Proverb related to general_wisdom. Expert interpretation required for cultural meaning.],general_wisdom,General cultural proverb - low domain relevance,extracted_from_pdf,complex,unknown,pdf_extraction,unknown,extracted,80. Uhunii eetaga uhutii mukoroku. . (KW vol.1 pg 319) MW,"Extracted from page 115, confidence: 0.61",,
pdf_prov_8ad2141f,"English: He who is satisfied, calls the hungry one greedy.","[NEEDS EXPERT TRANSLATION: English: He who is satisfied, calls the hungry one greedy.]",[NEEDS CULTURAL ANALYSIS: Proverb related to general_wisdom. Expert interpretation required for cultural meaning.],general_wisdom,General cultural proverb - low domain relevance,extracted_from_pdf,complex,unknown,pdf_extraction,unknown,extracted,"English: He who is satisfied, calls the hungry one greedy.","Extracted from page 115, confidence: 0.56",,
pdf_prov_47a1af35,"Kiswahili: Aliyeshiba huita aliye na njaa, mlafi.","[NEEDS EXPERT TRANSLATION: Kiswahili: Aliyeshiba huita aliye na njaa, mlafi.]",[NEEDS CULTURAL ANALYSIS: Proverb related to general_wisdom. Expert interpretation required for cultural meaning.],general_wisdom,General cultural proverb - low domain relevance,extracted_from_pdf,moderate,unknown,pdf_extraction,unknown,extracted,"Kiswahili: Aliyeshiba huita aliye na njaa, mlafi.","Extracted from page 115, confidence: 0.72",,
pdf_prov_cfa91fd0,comfortable/wealthy should not view the one struggling as being overly greedy. We,[NEEDS EXPERT TRANSLATION: comfortable/wealthy should not view the one struggling as being overly greedy. We],[NEEDS CULTURAL ANALYSIS: Proverb related to general_wisdom. Expert interpretation required for cultural meaning.],general_wisdom,General cultural proverb - low domain relevance,extracted_from_pdf,complex,unknown,pdf_extraction,unknown,extracted,comfortable/wealthy should not view the one struggling as being overly greedy. We,"Extracted from page 115, confidence: 0.47",,
pdf_prov_3dda5698,"appreciate those who diligently labor among you, and have charge over you in the Lord","[NEEDS EXPERT TRANSLATION: appreciate those who diligently labor among you, and have charge over you in the Lord]",[NEEDS CULTURAL ANALYSIS: Proverb related to general_wisdom. Expert interpretation required for cultural meaning.],general_wisdom,General cultural proverb - low domain relevance,extracted_from_pdf,complex,unknown,pdf_extraction,unknown,extracted,"appreciate those who diligently labor among you, and have charge over you in the Lord","Extracted from page 115, confidence: 0.56",,
pdf_prov_8d26f9e6,81. Ukari muhithe ndumenanagirwo. MW,[NEEDS EXPERT TRANSLATION: 81. Ukari muhithe ndumenanagirwo. MW],[NEEDS CULTURAL ANALYSIS: Proverb related to general_wisdom. Expert interpretation required for cultural meaning.],general_wisdom,General cultural proverb - low domain relevance,extracted_from_pdf,moderate,unknown,pdf_extraction,unknown,extracted,81. Ukari muhithe NEG-menanagirwo. MW,"Extracted from page 116, confidence: 0.62",,
pdf_prov_3e393bb1,Meaning: Be hospitable as a habit.,[NEEDS EXPERT TRANSLATION: Meaning: Be hospitable as a habit.],[NEEDS CULTURAL ANALYSIS: Proverb related to general_wisdom. Expert interpretation required for cultural meaning.],general_wisdom,General cultural proverb - low domain relevance,extracted_from_pdf,moderate,unknown,pdf_extraction,unknown,extracted,Meaning: Be hospitable as a habit.,"Extracted from page 116, confidence: 0.61",,
pdf_prov_be8c34d7,"Bible parallel: Hebrews 13:2 “Do not neglect to show hospitality to strangers, for","[NEEDS EXPERT TRANSLATION: Bible parallel: Hebrews 13:2 “Do not neglect to show hospitality to strangers, for]",[NEEDS CULTURAL ANALYSIS: Proverb related to general_wisdom. Expert interpretation required for cultural meaning.],general_wisdom,General cultural proverb - low domain relevance,extracted_from_pdf,complex,unknown,pdf_extraction,unknown,extracted,"Bible parallel: Hebrews 13:2 “Do not neglect to show hospitality to strangers, for","Extracted from page 116, confidence: 0.67",,
pdf_prov_49e04501,thereby some have entertained angels unawares.”,[NEEDS EXPERT TRANSLATION: thereby some have entertained angels unawares.”],[NEEDS CULTURAL ANALYSIS: Proverb related to general_wisdom. Expert interpretation required for cultural meaning.],general_wisdom,General cultural proverb - low domain relevance,extracted_from_pdf,moderate,unknown,pdf_extraction,unknown,extracted,thereby some have entertained angels unawares.”,"Extracted from page 116, confidence: 0.52",,
pdf_prov_e669c5ad,"English: Warmth has no wealth, it is the cold that has.","[NEEDS EXPERT TRANSLATION: English: Warmth has no wealth, it is the cold that has.]",[NEEDS CULTURAL ANALYSIS: Proverb related to general_wisdom. Expert interpretation required for cultural meaning.],general_wisdom,General cultural proverb - low domain relevance,extracted_from_pdf,complex,unknown,pdf_extraction,unknown,extracted,"English: Warmth has no wealth, it is the cold that has.","Extracted from page 117, confidence: 0.67",,
pdf_prov_6873de11,"Kiswahili: Joto hauna mali, baridi ndio huwa na mali.","[NEEDS EXPERT TRANSLATION: Kiswahili: Joto hauna mali, baridi ndio huwa na mali.]",[NEEDS CULTURAL ANALYSIS: Proverb related to general_wisdom. Expert interpretation required for cultural meaning.],general_wisdom,General cultural proverb - low domain relevance,extracted_from_pdf,complex,unknown,pdf_extraction,unknown,extracted,"Kiswahili: Joto hauna mali, baridi ndio huwa na mali.","Extracted from page 117, confidence: 0.72",,
pdf_prov_63d97b50,constantly in order to get all his needs provided for and to be able to improve his status in,[NEEDS EXPERT TRANSLATION: constantly in order to get all his needs provided for and to be able to improve his status in],[NEEDS CULTURAL ANALYSIS: Proverb related to general_wisdom. Expert interpretation required for cultural meaning.],general_wisdom,General cultural proverb - low domain relevance,extracted_from_pdf,complex,unknown,pdf_extraction,unknown,extracted,constantly in order to get all his needs provided for and to be able to improve his status in,"Extracted from page 117, confidence: 0.47",,
pdf_prov_66cd7b4d,Kiswahili: Ushujaa huleta mali.,[NEEDS EXPERT TRANSLATION: Kiswahili: Ushujaa huleta mali.],[NEEDS CULTURAL ANALYSIS: Proverb related to general_wisdom. Expert interpretation required for cultural meaning.],general_wisdom,General cultural proverb - low domain relevance,extracted_from_pdf,simple,unknown,pdf_extraction,unknown,extracted,Kiswahili: Ushujaa huleta mali.,"Extracted from page 119, confidence: 0.72",,
pdf_prov_8f078f32,"situation, one must take care and caution in order to succeed in achieving the goal to","[NEEDS EXPERT TRANSLATION: situation, one must take care and caution in order to succeed in achieving the goal to]",[NEEDS CULTURAL ANALYSIS: Proverb related to general_wisdom. Expert interpretation required for cultural meaning.],general_wisdom,General cultural proverb - low domain relevance,extracted_from_pdf,complex,unknown,pdf_extraction,unknown,extracted,"situation, one must take care and caution in order to succeed in achieving the goal to","Extracted from page 119, confidence: 0.47",,
pdf_prov_20bf43fa,"Bible parallel: Ephesians 6:14-17 “Stand therefore, having put on the breastplate of","[NEEDS EXPERT TRANSLATION: Bible parallel: Ephesians 6:14-17 “Stand therefore, having put on the breastplate of]",[NEEDS CULTURAL ANALYSIS: Proverb related to general_wisdom. Expert interpretation required for cultural meaning.],general_wisdom,General cultural proverb - low domain relevance,extracted_from_pdf,complex,unknown,pdf_extraction,unknown,extracted,"Bible parallel: Ephesians 6:14-17 “Stand therefore, having put on the breastplate of","Extracted from page 119, confidence: 0.61",,
pdf_prov_c6a650cb,"besides all these, taking the shield of faith, with which you can quench all the flaming","[NEEDS EXPERT TRANSLATION: besides all these, taking the shield of faith, with which you can quench all the flaming]",[NEEDS CULTURAL ANALYSIS: Proverb related to general_wisdom. Expert interpretation required for cultural meaning.],general_wisdom,General cultural proverb - low domain relevance,extracted_from_pdf,complex,unknown,pdf_extraction,unknown,extracted,"besides all these, taking the shield of faith, with which you can quench all the flaming","Extracted from page 119, confidence: 0.41",,
pdf_prov_c971f7ee,"darts of the evil one. And take the helmet of salvation, and the sword of the Spirit, which","[NEEDS EXPERT TRANSLATION: darts of the evil one. And take the helmet of salvation, and the sword of the Spirit, which]",[NEEDS CULTURAL ANALYSIS: Proverb related to general_wisdom. Expert interpretation required for cultural meaning.],general_wisdom,General cultural proverb - low domain relevance,extracted_from_pdf,complex,unknown,pdf_extraction,unknown,extracted,"darts of the evil one. And take the helmet of salvation, and the sword of the Spirit, which","Extracted from page 119, confidence: 0.61",,
pdf_prov_9b821872,"84. Utaana uminagira murokerwo ng’ombe. (GJW U 100, Ba 933) W","[NEEDS EXPERT TRANSLATION: 84. Utaana uminagira murokerwo ng’ombe. (GJW U 100, Ba 933) W]",[NEEDS CULTURAL ANALYSIS: Proverb related to general_wisdom. Expert interpretation required for cultural meaning.],general_wisdom,General cultural proverb - low domain relevance,extracted_from_pdf,complex,unknown,pdf_extraction,unknown,extracted,"84. Utaana uminagira murokerwo ng’ombe. (GJW U 100, Ba 933) W","Extracted from page 120, confidence: 0.67",,
pdf_prov_e04e1a77,Kiswahili: generosity uharibia mtu ambaye hupeana ngombe wake kwa wageni wa,[NEEDS EXPERT TRANSLATION: Kiswahili: generosity uharibia mtu ambaye hupeana ngombe wake kwa wageni wa],[NEEDS CULTURAL ANALYSIS: Proverb related to general_wisdom. Expert interpretation required for cultural meaning.],general_wisdom,General cultural proverb - low domain relevance,extracted_from_pdf,complex,unknown,pdf_extraction,unknown,extracted,Kiswahili: generosity uharibia mtu ambaye hupeana ngombe wake kwa wageni wa,"Extracted from page 120, confidence: 0.42",,
pdf_prov_eabc5a02,85. Utari ndari ngoro (Githumbi/ githumba gitiri ngoro) (Ba 936) MW,[NEEDS EXPERT TRANSLATION: 85. Utari ndari ngoro (Githumbi/ githumba gitiri ngoro) (Ba 936) MW],[NEEDS CULTURAL ANALYSIS: Proverb related to general_wisdom. Expert interpretation required for cultural meaning.],general_wisdom,General cultural proverb - low domain relevance,extracted_from_pdf,complex,unknown,pdf_extraction,unknown,extracted,85. Utari NEG-ri ngoro (Githumbi/ githumba gitiri ngoro) (Ba 936) MW,"Extracted from page 122, confidence: 0.67",,
pdf_prov_08f88beb,Kiswahili: Aliye maskini hana roho.,[NEEDS EXPERT TRANSLATION: Kiswahili: Aliye maskini hana roho.],[NEEDS CULTURAL ANALYSIS: Proverb related to general_wisdom. Expert interpretation required for cultural meaning.],general_wisdom,General cultural proverb - low domain relevance,extracted_from_pdf,moderate,unknown,pdf_extraction,unknown,extracted,Kiswahili: Aliye maskini hana roho.,"Extracted from page 122, confidence: 0.42",,
pdf_prov_7c08c009,Teaching: A person seeking assistance from others accepts what he is given; even if he,[NEEDS EXPERT TRANSLATION: Teaching: A person seeking assistance from others accepts what he is given; even if he],[NEEDS CULTURAL ANALYSIS: Proverb related to general_wisdom. Expert interpretation required for cultural meaning.],general_wisdom,General cultural proverb - low domain relevance,extracted_from_pdf,complex,unknown,pdf_extraction,unknown,extracted,Teaching: A person seeking assistance from others accepts what he is given; even if he,"Extracted from page 122, confidence: 0.61",,
pdf_prov_b3a41b83,"86. Utari ndeetagwo ndundu. . (GJW U 109, Ba 938) MW","[NEEDS EXPERT TRANSLATION: 86. Utari ndeetagwo ndundu. . (GJW U 109, Ba 938) MW]",[NEEDS CULTURAL ANALYSIS: Proverb related to general_wisdom. Expert interpretation required for cultural meaning.],general_wisdom,General cultural proverb - low domain relevance,extracted_from_pdf,complex,unknown,pdf_extraction,unknown,extracted,"86. Utari ndeetagwo NEG-ndu. . (GJW U 109, Ba 938) MW","Extracted from page 122, confidence: 0.87",,
pdf_prov_1dab6536,Kiswahili: Maskini huwa haalikwi kwa majadiliano ya pembeni.,[NEEDS EXPERT TRANSLATION: Kiswahili: Maskini huwa haalikwi kwa majadiliano ya pembeni.],[NEEDS CULTURAL ANALYSIS: Proverb related to general_wisdom. Expert interpretation required for cultural meaning.],general_wisdom,General cultural proverb - low domain relevance,extracted_from_pdf,moderate,unknown,pdf_extraction,unknown,extracted,Kiswahili: Maskini huwa haalikwi kwa majadiliano ya pembeni.,"Extracted from page 122, confidence: 0.42",,
pdf_prov_968c5b22,"wisdom to contribute or to advice anyone. Therefore, a person must work hard in order to","[NEEDS EXPERT TRANSLATION: wisdom to contribute or to advice anyone. Therefore, a person must work hard in order to]",[NEEDS CULTURAL ANALYSIS: Proverb related to general_wisdom. Expert interpretation required for cultural meaning.],general_wisdom,General cultural proverb - low domain relevance,extracted_from_pdf,complex,unknown,pdf_extraction,unknown,extracted,"wisdom to contribute or to advice anyone. Therefore, a person must work hard in order to","Extracted from page 122, confidence: 0.56",,
pdf_prov_26e5dff2,87. Utari ni wa kwa mari. (Muthiini egiritagia itonga) . (GJW U 110) MW,[NEEDS EXPERT TRANSLATION: 87. Utari ni wa kwa mari. (Muthiini egiritagia itonga) . (GJW U 110) MW],[NEEDS CULTURAL ANALYSIS: Proverb related to general_wisdom. Expert interpretation required for cultural meaning.],general_wisdom,General cultural proverb - low domain relevance,extracted_from_pdf,complex,unknown,pdf_extraction,unknown,extracted,87. Utari ni wa kwa mari. (Muthiini egiritagia itonga) . (GJW U 110) MW,"Extracted from page 123, confidence: 0.72",,
pdf_prov_e4365c55,Kiswahili : Maskini hutegemea matajiri.,[NEEDS EXPERT TRANSLATION: Kiswahili : Maskini hutegemea matajiri.],[NEEDS CULTURAL ANALYSIS: Proverb related to general_wisdom. Expert interpretation required for cultural meaning.],general_wisdom,General cultural proverb - low domain relevance,extracted_from_pdf,moderate,unknown,pdf_extraction,unknown,extracted,Kiswahili : Maskini hutegemea matajiri.,"Extracted from page 123, confidence: 0.72",,
pdf_prov_490d1963,"Meaning: Each person needs another, regardless of status.","[NEEDS EXPERT TRANSLATION: Meaning: Each person needs another, regardless of status.]",[NEEDS CULTURAL ANALYSIS: Proverb related to general_wisdom. Expert interpretation required for cultural meaning.],general_wisdom,General cultural proverb - low domain relevance,extracted_from_pdf,moderate,unknown,pdf_extraction,unknown,extracted,"Meaning: Each person needs another, regardless of status.","Extracted from page 123, confidence: 0.72",,
pdf_prov_c07b1240,89. Uthaka wa mundurume ni mbeeca. M,[NEEDS EXPERT TRANSLATION: 89. Uthaka wa mundurume ni mbeeca. M],[NEEDS CULTURAL ANALYSIS: Proverb related to general_wisdom. Expert interpretation required for cultural meaning.],general_wisdom,General cultural proverb - low domain relevance,extracted_from_pdf,moderate,unknown,pdf_extraction,unknown,extracted,89. Uthaka wa mundurume ni mbeeca. M,"Extracted from page 125, confidence: 0.62",,
pdf_prov_71e883c6,Kiswahili: Urembo wa mwanamme ni pesa.,[NEEDS EXPERT TRANSLATION: Kiswahili: Urembo wa mwanamme ni pesa.],[NEEDS CULTURAL ANALYSIS: Proverb related to general_wisdom. Expert interpretation required for cultural meaning.],general_wisdom,General cultural proverb - low domain relevance,extracted_from_pdf,moderate,unknown,pdf_extraction,unknown,extracted,Kiswahili: Urembo wa mwanamme ni pesa.,"Extracted from page 125, confidence: 0.57",,
pdf_prov_65d695bc,wealth. A rich person is acceptable even if he is ugly and has other vices. He can be,[NEEDS EXPERT TRANSLATION: wealth. A rich person is acceptable even if he is ugly and has other vices. He can be],[NEEDS CULTURAL ANALYSIS: Proverb related to general_wisdom. Expert interpretation required for cultural meaning.],general_wisdom,General cultural proverb - low domain relevance,extracted_from_pdf,complex,unknown,pdf_extraction,unknown,extracted,wealth. A rich person is acceptable even if he is ugly and has other vices. He can be,"Extracted from page 125, confidence: 0.61",,
pdf_prov_885676ef,"tolerated because of his money. Women especially, prefer men who have something","[NEEDS EXPERT TRANSLATION: tolerated because of his money. Women especially, prefer men who have something]",[NEEDS CULTURAL ANALYSIS: Proverb related to general_wisdom. Expert interpretation required for cultural meaning.],general_wisdom,General cultural proverb - low domain relevance,extracted_from_pdf,complex,unknown,pdf_extraction,unknown,extracted,"tolerated because of his money. Women especially, prefer men who have something","Extracted from page 125, confidence: 0.56",,
pdf_prov_5a773bed,90. Uthuri wa gitonga ndunungaga. (Ba 945) MW,[NEEDS EXPERT TRANSLATION: 90. Uthuri wa gitonga ndunungaga. (Ba 945) MW],[NEEDS CULTURAL ANALYSIS: Proverb related to general_wisdom. Expert interpretation required for cultural meaning.],general_wisdom,General cultural proverb - low domain relevance,extracted_from_pdf,moderate,unknown,pdf_extraction,unknown,extracted,90. Uthuri wa gitonga NEG-nungaga. (Ba 945) MW,"Extracted from page 128, confidence: 0.57",,
pdf_prov_fdb507bc,Kiswahili: Mashuzi ya tajiri hayanuki.,[NEEDS EXPERT TRANSLATION: Kiswahili: Mashuzi ya tajiri hayanuki.],[NEEDS CULTURAL ANALYSIS: Proverb related to general_wisdom. Expert interpretation required for cultural meaning.],general_wisdom,General cultural proverb - low domain relevance,extracted_from_pdf,moderate,unknown,pdf_extraction,unknown,extracted,Kiswahili: Mashuzi ya tajiri hayanuki.,"Extracted from page 128, confidence: 0.72",,
pdf_prov_c30d3b31,"Teaching: A rich man may have objectionable habits, but people do not pay much","[NEEDS EXPERT TRANSLATION: Teaching: A rich man may have objectionable habits, but people do not pay much]",[NEEDS CULTURAL ANALYSIS: Proverb related to general_wisdom. Expert interpretation required for cultural meaning.],general_wisdom,General cultural proverb - low domain relevance,extracted_from_pdf,complex,unknown,pdf_extraction,unknown,extracted,"Teaching: A rich man may have objectionable habits, but people do not pay much","Extracted from page 128, confidence: 0.42",,
pdf_prov_f058a347,Kiswahili: Utajiri haukimbiliwi.,[NEEDS EXPERT TRANSLATION: Kiswahili: Utajiri haukimbiliwi.],[NEEDS CULTURAL ANALYSIS: Proverb related to general_wisdom. Expert interpretation required for cultural meaning.],general_wisdom,General cultural proverb - low domain relevance,extracted_from_pdf,simple,unknown,pdf_extraction,unknown,extracted,Kiswahili: Utajiri haukimbiliwi.,"Extracted from page 129, confidence: 0.67",,
pdf_prov_82f10816,Kiswahili: Utajiri hauna dua mbaya.,[NEEDS EXPERT TRANSLATION: Kiswahili: Utajiri hauna dua mbaya.],[NEEDS CULTURAL ANALYSIS: Proverb related to general_wisdom. Expert interpretation required for cultural meaning.],general_wisdom,General cultural proverb - low domain relevance,extracted_from_pdf,moderate,unknown,pdf_extraction,unknown,extracted,Kiswahili: Utajiri hauna dua mbaya.,"Extracted from page 131, confidence: 0.72",,
pdf_prov_568feec5,Kiswahili: Utajiri ni kivuli tu.,[NEEDS EXPERT TRANSLATION: Kiswahili: Utajiri ni kivuli tu.],[NEEDS CULTURAL ANALYSIS: Proverb related to general_wisdom. Expert interpretation required for cultural meaning.],general_wisdom,General cultural proverb - low domain relevance,extracted_from_pdf,moderate,unknown,pdf_extraction,unknown,extracted,Kiswahili: Utajiri ni kivuli tu.,"Extracted from page 132, confidence: 0.72",,
pdf_prov_67c665e6,"not break in and steal. For where your treasure is, there your heart will be also.","[NEEDS EXPERT TRANSLATION: not break in and steal. For where your treasure is, there your heart will be also.]",[NEEDS CULTURAL ANALYSIS: Proverb related to general_wisdom. Expert interpretation required for cultural meaning.],general_wisdom,General cultural proverb - low domain relevance,extracted_from_pdf,complex,unknown,pdf_extraction,unknown,extracted,"not break in and steal. For where your treasure is, there your heart will be also.","Extracted from page 132, confidence: 0.61",,
pdf_prov_8dd6f590,Kiswahili: Mali hutoka kwa mungu.,[NEEDS EXPERT TRANSLATION: Kiswahili: Mali hutoka kwa mungu.],[NEEDS CULTURAL ANALYSIS: Proverb related to general_wisdom. Expert interpretation required for cultural meaning.],general_wisdom,General cultural proverb - low domain relevance,extracted_from_pdf,moderate,unknown,pdf_extraction,unknown,extracted,Kiswahili: Mali hutoka kwa mungu.,"Extracted from page 133, confidence: 0.42",,
pdf_prov_a36e99da,95. Utonga wa muthiini ni ciana. W,[NEEDS EXPERT TRANSLATION: 95. Utonga wa muthiini ni ciana. W],[NEEDS CULTURAL ANALYSIS: Proverb related to wealth_management. Expert interpretation required for cultural meaning.],wealth_management,High relevance to wealth/entrepreneurship (score: 0.40),extracted_from_pdf,moderate,unknown,pdf_extraction,unknown,extracted,95. Utonga wa muthiini ni ciana. W,"Extracted from page 135, confidence: 0.57",,
pdf_prov_cef9856f,Kiswahili: Utajiri wa maskini huwa pia ni kuwa na watoto.,[NEEDS EXPERT TRANSLATION: Kiswahili: Utajiri wa maskini huwa pia ni kuwa na watoto.],[NEEDS CULTURAL ANALYSIS: Proverb related to general_wisdom. Expert interpretation required for cultural meaning.],general_wisdom,General cultural proverb - low domain relevance,extracted_from_pdf,complex,unknown,pdf_extraction,unknown,extracted,Kiswahili: Utajiri wa maskini huwa pia ni kuwa na watoto.,"Extracted from page 135, confidence: 0.98",,
pdf_prov_1333002a,"woman when she loses her teeth.” ~ Akan (Ghana, Ivory Coast) proverb","[NEEDS EXPERT TRANSLATION: woman when she loses her teeth.” ~ Akan (Ghana, Ivory Coast) proverb]",[NEEDS CULTURAL ANALYSIS: Proverb related to general_wisdom. Expert interpretation required for cultural meaning.],general_wisdom,General cultural proverb - low domain relevance,extracted_from_pdf,complex,unknown,pdf_extraction,unknown,extracted,"woman when she loses her teeth.” ~ Akan (Ghana, Ivory Coast) proverb","Extracted from page 135, confidence: 0.42",,
pdf_prov_f7d30391,"Bible parallel: Psalms 127:3 “Behold, children are a heritage from the Lord, the fruit of","[NEEDS EXPERT TRANSLATION: Bible parallel: Psalms 127:3 “Behold, children are a heritage from the Lord, the fruit of]",[NEEDS CULTURAL ANALYSIS: Proverb related to general_wisdom. Expert interpretation required for cultural meaning.],general_wisdom,General cultural proverb - low domain relevance,extracted_from_pdf,complex,unknown,pdf_extraction,unknown,extracted,"Bible parallel: Psalms 127:3 “Behold, children are a heritage from the Lord, the fruit of","Extracted from page 135, confidence: 0.61",,
pdf_prov_fbfbcaf1,"the womb, a reward.”","[NEEDS EXPERT TRANSLATION: the womb, a reward.”]",[NEEDS CULTURAL ANALYSIS: Proverb related to general_wisdom. Expert interpretation required for cultural meaning.],general_wisdom,General cultural proverb - low domain relevance,extracted_from_pdf,simple,unknown,pdf_extraction,unknown,extracted,"the womb, a reward.”","Extracted from page 135, confidence: 0.41",,
pdf_prov_a7b0e699,Proverbs 13:22 “A good [man] leaveth an inheritance to his children's children: and the,[NEEDS EXPERT TRANSLATION: Proverbs 13:22 “A good [man] leaveth an inheritance to his children's children: and the],[NEEDS CULTURAL ANALYSIS: Proverb related to general_wisdom. Expert interpretation required for cultural meaning.],general_wisdom,General cultural proverb - low domain relevance,extracted_from_pdf,complex,unknown,pdf_extraction,unknown,extracted,Proverbs 13:22 “A good [man] leaveth an inheritance to his children's children: and the,"Extracted from page 135, confidence: 0.67",,
pdf_prov_c6307c4f,"96. Utonga wa muici nduthuunaga, na ni uteeaga wake. (GJW U 133,Ba 954) MW","[NEEDS EXPERT TRANSLATION: 96. Utonga wa muici nduthuunaga, na ni uteeaga wake. (GJW U 133,Ba 954) MW]",[NEEDS CULTURAL ANALYSIS: Proverb related to wealth_management. Expert interpretation required for cultural meaning.],wealth_management,High relevance to wealth/entrepreneurship (score: 0.40),extracted_from_pdf,complex,unknown,pdf_extraction,unknown,extracted,"96. Utonga wa muici NEG-thuunaga, na ni uteeaga wake. (GJW U 133,Ba 954) MW","Extracted from page 136, confidence: 0.62",,
pdf_prov_4cde43db,"English: Unlawful riches do not prosper, they ruin even the legitimate ones.","[NEEDS EXPERT TRANSLATION: English: Unlawful riches do not prosper, they ruin even the legitimate ones.]",[NEEDS CULTURAL ANALYSIS: Proverb related to general_wisdom. Expert interpretation required for cultural meaning.],general_wisdom,General cultural proverb - low domain relevance,extracted_from_pdf,complex,unknown,pdf_extraction,unknown,extracted,"English: Unlawful riches do not prosper, they ruin even the legitimate ones.","Extracted from page 136, confidence: 0.67",,
pdf_prov_f6f0b4e5,"Kiswahili: Mali ipatikanayo kwa njia zisizo halali haifaidi, bali huharibu iliyo halali.","[NEEDS EXPERT TRANSLATION: Kiswahili: Mali ipatikanayo kwa njia zisizo halali haifaidi, bali huharibu iliyo halali.]",[NEEDS CULTURAL ANALYSIS: Proverb related to general_wisdom. Expert interpretation required for cultural meaning.],general_wisdom,General cultural proverb - low domain relevance,extracted_from_pdf,complex,unknown,pdf_extraction,unknown,extracted,"Kiswahili: Mali ipatikanayo kwa njia zisizo halali haifaidi, bali huharibu iliyo halali.","Extracted from page 136, confidence: 0.83",,
pdf_prov_8ed1baaa,Kiswahili: Aliyeponda mali yake hudhulumu aliye hifadhi yake.,[NEEDS EXPERT TRANSLATION: Kiswahili: Aliyeponda mali yake hudhulumu aliye hifadhi yake.],[NEEDS CULTURAL ANALYSIS: Proverb related to general_wisdom. Expert interpretation required for cultural meaning.],general_wisdom,General cultural proverb - low domain relevance,extracted_from_pdf,moderate,unknown,pdf_extraction,unknown,extracted,Kiswahili: Aliyeponda mali yake hudhulumu aliye hifadhi yake.,"Extracted from page 137, confidence: 0.42",,
pdf_prov_7696b81a,"98. Wagi ndumenanagirwo. (GJW W 18, N 641) W","[NEEDS EXPERT TRANSLATION: 98. Wagi ndumenanagirwo. (GJW W 18, N 641) W]",[NEEDS CULTURAL ANALYSIS: Proverb related to general_wisdom. Expert interpretation required for cultural meaning.],general_wisdom,General cultural proverb - low domain relevance,extracted_from_pdf,complex,unknown,pdf_extraction,unknown,extracted,"98. Wagi NEG-menanagirwo. (GJW W 18, N 641) W","Extracted from page 139, confidence: 0.42",,
pdf_prov_0b7425a4,99. Waagi wi gitaranio. (KW vol.1 pg 348) MW,[NEEDS EXPERT TRANSLATION: 99. Waagi wi gitaranio. (KW vol.1 pg 348) MW],[NEEDS CULTURAL ANALYSIS: Proverb related to general_wisdom. Expert interpretation required for cultural meaning.],general_wisdom,General cultural proverb - low domain relevance,extracted_from_pdf,complex,unknown,pdf_extraction,unknown,extracted,99. Waagi wi gitaranio. (KW vol.1 pg 348) MW,"Extracted from page 140, confidence: 0.67",,
pdf_prov_9603269d,Kiswahili: Ufukara huleta mafikira ya kujiuliza kungekuwaje kama hali ingekuwa,[NEEDS EXPERT TRANSLATION: Kiswahili: Ufukara huleta mafikira ya kujiuliza kungekuwaje kama hali ingekuwa],[NEEDS CULTURAL ANALYSIS: Proverb related to general_wisdom. Expert interpretation required for cultural meaning.],general_wisdom,General cultural proverb - low domain relevance,extracted_from_pdf,complex,unknown,pdf_extraction,unknown,extracted,Kiswahili: Ufukara huleta mafikira ya kujiuliza kungekuwaje kama hali ingekuwa,"Extracted from page 140, confidence: 0.78",,
pdf_prov_46eb8b7b,Meaning: There is hope always that a people can change their status positively.,[NEEDS EXPERT TRANSLATION: Meaning: There is hope always that a people can change their status positively.],[NEEDS CULTURAL ANALYSIS: Proverb related to general_wisdom. Expert interpretation required for cultural meaning.],general_wisdom,General cultural proverb - low domain relevance,extracted_from_pdf,complex,unknown,pdf_extraction,unknown,extracted,Meaning: There is hope always that a people can change their status positively.,"Extracted from page 140, confidence: 0.72",,
pdf_prov_67ced65e,financial status can change for the better in future. They imagine what wealth would,[NEEDS EXPERT TRANSLATION: financial status can change for the better in future. They imagine what wealth would],[NEEDS CULTURAL ANALYSIS: Proverb related to general_wisdom. Expert interpretation required for cultural meaning.],general_wisdom,General cultural proverb - low domain relevance,extracted_from_pdf,complex,unknown,pdf_extraction,unknown,extracted,financial status can change for the better in future. They imagine what wealth would,"Extracted from page 141, confidence: 0.78",,
pdf_prov_f023c66f,"plans for welfare and not for evil, to give you a future and a hope.”","[NEEDS EXPERT TRANSLATION: plans for welfare and not for evil, to give you a future and a hope.”]",[NEEDS CULTURAL ANALYSIS: Proverb related to general_wisdom. Expert interpretation required for cultural meaning.],general_wisdom,General cultural proverb - low domain relevance,extracted_from_pdf,complex,unknown,pdf_extraction,unknown,extracted,"plans for welfare and not for evil, to give you a future and a hope.”","Extracted from page 141, confidence: 0.47",,
pdf_prov_c0eb59c6,"100. Wooni wi njaci. (woni wi njaci, wagi gitaranjo) (Ba 991, KW vol.1 pg 321)","[NEEDS EXPERT TRANSLATION: 100. Wooni wi njaci. (woni wi njaci, wagi gitaranjo) (Ba 991, KW vol.1 pg 321)]",[NEEDS CULTURAL ANALYSIS: Proverb related to general_wisdom. Expert interpretation required for cultural meaning.],general_wisdom,General cultural proverb - low domain relevance,extracted_from_pdf,complex,unknown,pdf_extraction,unknown,extracted,"100. Wooni wi njaci. (woni wi njaci, wagi gitaranjo) (Ba 991, KW vol.1 pg 321)","Extracted from page 141, confidence: 0.67",,
pdf_prov_090b743a,"English: The state of having acquired wealth, breeds contemptuous pride.","[NEEDS EXPERT TRANSLATION: English: The state of having acquired wealth, breeds contemptuous pride.]",[NEEDS CULTURAL ANALYSIS: Proverb related to general_wisdom. Expert interpretation required for cultural meaning.],general_wisdom,General cultural proverb - low domain relevance,extracted_from_pdf,complex,unknown,pdf_extraction,unknown,extracted,"English: The state of having acquired wealth, breeds contemptuous pride.","Extracted from page 141, confidence: 0.67",,
pdf_prov_1c3734c6,"Kiswahili: Hali ya kuwa mtu amepata mali, huleta madaha.","[NEEDS EXPERT TRANSLATION: Kiswahili: Hali ya kuwa mtu amepata mali, huleta madaha.]",[NEEDS CULTURAL ANALYSIS: Proverb related to general_wisdom. Expert interpretation required for cultural meaning.],general_wisdom,General cultural proverb - low domain relevance,extracted_from_pdf,complex,unknown,pdf_extraction,unknown,extracted,"Kiswahili: Hali ya kuwa mtu amepata mali, huleta madaha.","Extracted from page 141, confidence: 0.78",,
pdf_prov_6318212b,you.” ~ Tanzania,[NEEDS EXPERT TRANSLATION: you.” ~ Tanzania],[NEEDS CULTURAL ANALYSIS: Proverb related to general_wisdom. Expert interpretation required for cultural meaning.],general_wisdom,General cultural proverb - low domain relevance,extracted_from_pdf,simple,unknown,pdf_extraction,unknown,extracted,you.” ~ Tanzania,"Extracted from page 142, confidence: 0.61",,
pdf_prov_76df78e5,"Kamau-Wango, (2009) Thimo Cia Agikuyu – Proverbs of the Kikuyu People, Volume 1,","[NEEDS EXPERT TRANSLATION: Kamau-Wango, (2009) Thimo Cia Agikuyu – Proverbs of the Kikuyu People, Volume 1,]",[NEEDS CULTURAL ANALYSIS: Proverb related to general_wisdom. Expert interpretation required for cultural meaning.],general_wisdom,General cultural proverb - low domain relevance,extracted_from_pdf,complex,unknown,pdf_extraction,unknown,extracted,"Kamau-Wango, (2009) Thimo Cia Agikuyu – Proverbs of the Kikuyu People, Volume 1,","Extracted from page 143, confidence: 0.42",,
pdf_prov_1d7f55de,"Literature Bureau, Nairobi","[NEEDS EXPERT TRANSLATION: Literature Bureau, Nairobi]",[NEEDS CULTURAL ANALYSIS: Proverb related to general_wisdom. Expert interpretation required for cultural meaning.],general_wisdom,General cultural proverb - low domain relevance,extracted_from_pdf,simple,unknown,pdf_extraction,unknown,extracted,"Literature Bureau, Nairobi","Extracted from page 143, confidence: 0.67",,
